"","year","age","variable","value"
"1","2010","Total","w1","1 217"
"2","2011","Total","w1","1 331"
"3","2012","Total","w1","1 260"
"4","2013","Total","w1","1 638"
"5","2014","Total","w1","1 351"
"6","2015","Total","w1","1 655"
"7","2016","Total","w1","1 232"
"8","2017","Total","w1","1 511"
"9","2018","Total","w1","1 595"
"10","2019","Total","w1","1 485"
"11","2020","Total","w1","1 480"
"12","2010","70 years old and over","w1","861"
"13","2011","70 years old and over","w1","968"
"14","2012","70 years old and over","w1","913"
"15","2013","70 years old and over","w1","1 252"
"16","2014","70 years old and over","w1","989"
"17","2015","70 years old and over","w1","1 257"
"18","2016","70 years old and over","w1","895"
"19","2017","70 years old and over","w1","1 137"
"20","2018","70 years old and over","w1","1 220"
"21","2019","70 years old and over","w1","1 125"
"22","2020","70 years old and over","w1","1 135"
"23","2010","50-69 years old","w1","277"
"24","2011","50-69 years old","w1","290"
"25","2012","50-69 years old","w1","274"
"26","2013","50-69 years old","w1","297"
"27","2014","50-69 years old","w1","292"
"28","2015","50-69 years old","w1","332"
"29","2016","50-69 years old","w1","275"
"30","2017","50-69 years old","w1","306"
"31","2018","50-69 years old","w1","310"
"32","2019","50-69 years old","w1","305"
"33","2020","50-69 years old","w1","280"
"34","2010","0-49 years old","w1","79"
"35","2011","0-49 years old","w1","73"
"36","2012","0-49 years old","w1","73"
"37","2013","0-49 years old","w1","89"
"38","2014","0-49 years old","w1","70"
"39","2015","0-49 years old","w1","66"
"40","2016","0-49 years old","w1","62"
"41","2017","0-49 years old","w1","68"
"42","2018","0-49 years old","w1","70"
"43","2019","0-49 years old","w1","55"
"44","2020","0-49 years old","w1","65"
"45","2010","Total","w2","1 197"
"46","2011","Total","w2","1 321"
"47","2012","Total","w2","1 287"
"48","2013","Total","w2","1 596"
"49","2014","Total","w2","1 371"
"50","2015","Total","w2","1 566"
"51","2016","Total","w2","1 303"
"52","2017","Total","w2","1 434"
"53","2018","Total","w2","1 675"
"54","2019","Total","w2","1 445"
"55","2020","Total","w2","1 505"
"56","2010","70 years old and over","w2","829"
"57","2011","70 years old and over","w2","982"
"58","2012","70 years old and over","w2","909"
"59","2013","70 years old and over","w2","1 222"
"60","2014","70 years old and over","w2","989"
"61","2015","70 years old and over","w2","1 233"
"62","2016","70 years old and over","w2","970"
"63","2017","70 years old and over","w2","1 072"
"64","2018","70 years old and over","w2","1 310"
"65","2019","70 years old and over","w2","1 110"
"66","2020","70 years old and over","w2","1 150"
"67","2010","50-69 years old","w2","286"
"68","2011","50-69 years old","w2","272"
"69","2012","50-69 years old","w2","302"
"70","2013","50-69 years old","w2","309"
"71","2014","50-69 years old","w2","311"
"72","2015","50-69 years old","w2","282"
"73","2016","50-69 years old","w2","282"
"74","2017","50-69 years old","w2","306"
"75","2018","50-69 years old","w2","310"
"76","2019","50-69 years old","w2","280"
"77","2020","50-69 years old","w2","300"
"78","2010","0-49 years old","w2","82"
"79","2011","0-49 years old","w2","67"
"80","2012","0-49 years old","w2","76"
"81","2013","0-49 years old","w2","65"
"82","2014","0-49 years old","w2","71"
"83","2015","0-49 years old","w2","51"
"84","2016","0-49 years old","w2","51"
"85","2017","0-49 years old","w2","56"
"86","2018","0-49 years old","w2","55"
"87","2019","0-49 years old","w2","55"
"88","2020","0-49 years old","w2","55"
"89","2010","Total","w3","1 163"
"90","2011","Total","w3","1 304"
"91","2012","Total","w3","1 325"
"92","2013","Total","w3","1 566"
"93","2014","Total","w3","1 343"
"94","2015","Total","w3","1 551"
"95","2016","Total","w3","1 247"
"96","2017","Total","w3","1 493"
"97","2018","Total","w3","1 695"
"98","2019","Total","w3","1 450"
"99","2020","Total","w3","1 470"
"100","2010","70 years old and over","w3","849"
"101","2011","70 years old and over","w3","947"
"102","2012","70 years old and over","w3","971"
"103","2013","70 years old and over","w3","1 145"
"104","2014","70 years old and over","w3","1 003"
"105","2015","70 years old and over","w3","1 194"
"106","2016","70 years old and over","w3","935"
"107","2017","70 years old and over","w3","1 154"
"108","2018","70 years old and over","w3","1 300"
"109","2019","70 years old and over","w3","1 130"
"110","2020","70 years old and over","w3","1 135"
"111","2010","50-69 years old","w3","251"
"112","2011","50-69 years old","w3","281"
"113","2012","50-69 years old","w3","283"
"114","2013","50-69 years old","w3","348"
"115","2014","50-69 years old","w3","271"
"116","2015","50-69 years old","w3","312"
"117","2016","50-69 years old","w3","256"
"118","2017","50-69 years old","w3","290"
"119","2018","50-69 years old","w3","330"
"120","2019","50-69 years old","w3","255"
"121","2020","50-69 years old","w3","290"
"122","2010","0-49 years old","w3","63"
"123","2011","0-49 years old","w3","76"
"124","2012","0-49 years old","w3","71"
"125","2013","0-49 years old","w3","73"
"126","2014","0-49 years old","w3","69"
"127","2015","0-49 years old","w3","45"
"128","2016","0-49 years old","w3","56"
"129","2017","0-49 years old","w3","49"
"130","2018","0-49 years old","w3","60"
"131","2019","0-49 years old","w3","65"
"132","2020","0-49 years old","w3","50"
"133","2010","Total","w4","1 135"
"134","2011","Total","w4","1 312"
"135","2012","Total","w4","1 250"
"136","2013","Total","w4","1 378"
"137","2014","Total","w4","1 295"
"138","2015","Total","w4","1 393"
"139","2016","Total","w4","1 332"
"140","2017","Total","w4","1 464"
"141","2018","Total","w4","1 610"
"142","2019","Total","w4","1 495"
"143","2020","Total","w4","1 505"
"144","2010","70 years old and over","w4","822"
"145","2011","70 years old and over","w4","943"
"146","2012","70 years old and over","w4","920"
"147","2013","70 years old and over","w4","1 040"
"148","2014","70 years old and over","w4","945"
"149","2015","70 years old and over","w4","1 056"
"150","2016","70 years old and over","w4","987"
"151","2017","70 years old and over","w4","1 095"
"152","2018","70 years old and over","w4","1 240"
"153","2019","70 years old and over","w4","1 135"
"154","2020","70 years old and over","w4","1 115"
"155","2010","50-69 years old","w4","248"
"156","2011","50-69 years old","w4","285"
"157","2012","50-69 years old","w4","269"
"158","2013","50-69 years old","w4","262"
"159","2014","50-69 years old","w4","276"
"160","2015","50-69 years old","w4","282"
"161","2016","50-69 years old","w4","292"
"162","2017","50-69 years old","w4","316"
"163","2018","50-69 years old","w4","315"
"164","2019","50-69 years old","w4","290"
"165","2020","50-69 years old","w4","325"
"166","2010","0-49 years old","w4","65"
"167","2011","0-49 years old","w4","84"
"168","2012","0-49 years old","w4","61"
"169","2013","0-49 years old","w4","76"
"170","2014","0-49 years old","w4","74"
"171","2015","0-49 years old","w4","55"
"172","2016","0-49 years old","w4","53"
"173","2017","0-49 years old","w4","53"
"174","2018","0-49 years old","w4","50"
"175","2019","0-49 years old","w4","70"
"176","2020","0-49 years old","w4","65"
"177","2010","Total","w5","1 194"
"178","2011","Total","w5","1 290"
"179","2012","Total","w5","1 210"
"180","2013","Total","w5","1 417"
"181","2014","Total","w5","1 304"
"182","2015","Total","w5","1 425"
"183","2016","Total","w5","1 298"
"184","2017","Total","w5","1 381"
"185","2018","Total","w5","1 615"
"186","2019","Total","w5","1 380"
"187","2020","Total","w5","1 425"
"188","2010","70 years old and over","w5","860"
"189","2011","70 years old and over","w5","923"
"190","2012","70 years old and over","w5","863"
"191","2013","70 years old and over","w5","1 047"
"192","2014","70 years old and over","w5","975"
"193","2015","70 years old and over","w5","1 048"
"194","2016","70 years old and over","w5","962"
"195","2017","70 years old and over","w5","1 032"
"196","2018","70 years old and over","w5","1 260"
"197","2019","70 years old and over","w5","1 055"
"198","2020","70 years old and over","w5","1 085"
"199","2010","50-69 years old","w5","266"
"200","2011","50-69 years old","w5","292"
"201","2012","50-69 years old","w5","284"
"202","2013","50-69 years old","w5","297"
"203","2014","50-69 years old","w5","254"
"204","2015","50-69 years old","w5","315"
"205","2016","50-69 years old","w5","285"
"206","2017","50-69 years old","w5","286"
"207","2018","50-69 years old","w5","270"
"208","2019","50-69 years old","w5","280"
"209","2020","50-69 years old","w5","295"
"210","2010","0-49 years old","w5","68"
"211","2011","0-49 years old","w5","75"
"212","2012","0-49 years old","w5","63"
"213","2013","0-49 years old","w5","73"
"214","2014","0-49 years old","w5","75"
"215","2015","0-49 years old","w5","62"
"216","2016","0-49 years old","w5","51"
"217","2017","0-49 years old","w5","63"
"218","2018","0-49 years old","w5","80"
"219","2019","0-49 years old","w5","50"
"220","2020","0-49 years old","w5","45"
"221","2010","Total","w6","1 119"
"222","2011","Total","w6","1 273"
"223","2012","Total","w6","1 255"
"224","2013","Total","w6","1 264"
"225","2014","Total","w6","1 278"
"226","2015","Total","w6","1 423"
"227","2016","Total","w6","1 301"
"228","2017","Total","w6","1 448"
"229","2018","Total","w6","1 520"
"230","2019","Total","w6","1 410"
"231","2020","Total","w6","1 485"
"232","2010","70 years old and over","w6","819"
"233","2011","70 years old and over","w6","930"
"234","2012","70 years old and over","w6","920"
"235","2013","70 years old and over","w6","938"
"236","2014","70 years old and over","w6","913"
"237","2015","70 years old and over","w6","1 042"
"238","2016","70 years old and over","w6","932"
"239","2017","70 years old and over","w6","1 106"
"240","2018","70 years old and over","w6","1 180"
"241","2019","70 years old and over","w6","1 065"
"242","2020","70 years old and over","w6","1 115"
"243","2010","50-69 years old","w6","253"
"244","2011","50-69 years old","w6","256"
"245","2012","50-69 years old","w6","265"
"246","2013","50-69 years old","w6","261"
"247","2014","50-69 years old","w6","294"
"248","2015","50-69 years old","w6","305"
"249","2016","50-69 years old","w6","310"
"250","2017","50-69 years old","w6","292"
"251","2018","50-69 years old","w6","285"
"252","2019","50-69 years old","w6","285"
"253","2020","50-69 years old","w6","315"
"254","2010","0-49 years old","w6","47"
"255","2011","0-49 years old","w6","87"
"256","2012","0-49 years old","w6","70"
"257","2013","0-49 years old","w6","65"
"258","2014","0-49 years old","w6","71"
"259","2015","0-49 years old","w6","76"
"260","2016","0-49 years old","w6","59"
"261","2017","0-49 years old","w6","50"
"262","2018","0-49 years old","w6","55"
"263","2019","0-49 years old","w6","55"
"264","2020","0-49 years old","w6","50"
"265","2010","Total","w7","1 247"
"266","2011","Total","w7","1 285"
"267","2012","Total","w7","1 186"
"268","2013","Total","w7","1 333"
"269","2014","Total","w7","1 276"
"270","2015","Total","w7","1 383"
"271","2016","Total","w7","1 306"
"272","2017","Total","w7","1 397"
"273","2018","Total","w7","1 520"
"274","2019","Total","w7","1 435"
"275","2020","Total","w7","1 390"
"276","2010","70 years old and over","w7","899"
"277","2011","70 years old and over","w7","925"
"278","2012","70 years old and over","w7","871"
"279","2013","70 years old and over","w7","964"
"280","2014","70 years old and over","w7","930"
"281","2015","70 years old and over","w7","1 019"
"282","2016","70 years old and over","w7","965"
"283","2017","70 years old and over","w7","1 088"
"284","2018","70 years old and over","w7","1 155"
"285","2019","70 years old and over","w7","1 090"
"286","2020","70 years old and over","w7","1 055"
"287","2010","50-69 years old","w7","275"
"288","2011","50-69 years old","w7","289"
"289","2012","50-69 years old","w7","249"
"290","2013","50-69 years old","w7","296"
"291","2014","50-69 years old","w7","279"
"292","2015","50-69 years old","w7","308"
"293","2016","50-69 years old","w7","277"
"294","2017","50-69 years old","w7","252"
"295","2018","50-69 years old","w7","310"
"296","2019","50-69 years old","w7","280"
"297","2020","50-69 years old","w7","260"
"298","2010","0-49 years old","w7","73"
"299","2011","0-49 years old","w7","71"
"300","2012","0-49 years old","w7","66"
"301","2013","0-49 years old","w7","73"
"302","2014","0-49 years old","w7","67"
"303","2015","0-49 years old","w7","56"
"304","2016","0-49 years old","w7","64"
"305","2017","0-49 years old","w7","57"
"306","2018","0-49 years old","w7","55"
"307","2019","0-49 years old","w7","60"
"308","2020","0-49 years old","w7","75"
"309","2010","Total","w8","1 121"
"310","2011","Total","w8","1 229"
"311","2012","Total","w8","1 213"
"312","2013","Total","w8","1 293"
"313","2014","Total","w8","1 328"
"314","2015","Total","w8","1 380"
"315","2016","Total","w8","1 365"
"316","2017","Total","w8","1 427"
"317","2018","Total","w8","1 515"
"318","2019","Total","w8","1 325"
"319","2020","Total","w8","1 365"
"320","2010","70 years old and over","w8","804"
"321","2011","70 years old and over","w8","873"
"322","2012","70 years old and over","w8","901"
"323","2013","70 years old and over","w8","952"
"324","2014","70 years old and over","w8","989"
"325","2015","70 years old and over","w8","1 029"
"326","2016","70 years old and over","w8","967"
"327","2017","70 years old and over","w8","1 081"
"328","2018","70 years old and over","w8","1 165"
"329","2019","70 years old and over","w8","1 030"
"330","2020","70 years old and over","w8","1 085"
"331","2010","50-69 years old","w8","236"
"332","2011","50-69 years old","w8","272"
"333","2012","50-69 years old","w8","260"
"334","2013","50-69 years old","w8","271"
"335","2014","50-69 years old","w8","288"
"336","2015","50-69 years old","w8","294"
"337","2016","50-69 years old","w8","324"
"338","2017","50-69 years old","w8","284"
"339","2018","50-69 years old","w8","295"
"340","2019","50-69 years old","w8","245"
"341","2020","50-69 years old","w8","235"
"342","2010","0-49 years old","w8","81"
"343","2011","0-49 years old","w8","84"
"344","2012","0-49 years old","w8","52"
"345","2013","0-49 years old","w8","70"
"346","2014","0-49 years old","w8","51"
"347","2015","0-49 years old","w8","57"
"348","2016","0-49 years old","w8","74"
"349","2017","0-49 years old","w8","62"
"350","2018","0-49 years old","w8","55"
"351","2019","0-49 years old","w8","50"
"352","2020","0-49 years old","w8","45"
"353","2010","Total","w9","1 168"
"354","2011","Total","w9","1 264"
"355","2012","Total","w9","1 245"
"356","2013","Total","w9","1 284"
"357","2014","Total","w9","1 266"
"358","2015","Total","w9","1 420"
"359","2016","Total","w9","1 415"
"360","2017","Total","w9","1 329"
"361","2018","Total","w9","1 460"
"362","2019","Total","w9","1 365"
"363","2020","Total","w9","1 480"
"364","2010","70 years old and over","w9","856"
"365","2011","70 years old and over","w9","925"
"366","2012","70 years old and over","w9","914"
"367","2013","70 years old and over","w9","933"
"368","2014","70 years old and over","w9","916"
"369","2015","70 years old and over","w9","1 057"
"370","2016","70 years old and over","w9","1 026"
"371","2017","70 years old and over","w9","1 003"
"372","2018","70 years old and over","w9","1 130"
"373","2019","70 years old and over","w9","1 035"
"374","2020","70 years old and over","w9","1 125"
"375","2010","50-69 years old","w9","245"
"376","2011","50-69 years old","w9","264"
"377","2012","50-69 years old","w9","273"
"378","2013","50-69 years old","w9","285"
"379","2014","50-69 years old","w9","287"
"380","2015","50-69 years old","w9","294"
"381","2016","50-69 years old","w9","318"
"382","2017","50-69 years old","w9","269"
"383","2018","50-69 years old","w9","270"
"384","2019","50-69 years old","w9","275"
"385","2020","50-69 years old","w9","290"
"386","2010","0-49 years old","w9","67"
"387","2011","0-49 years old","w9","75"
"388","2012","0-49 years old","w9","58"
"389","2013","0-49 years old","w9","66"
"390","2014","0-49 years old","w9","63"
"391","2015","0-49 years old","w9","69"
"392","2016","0-49 years old","w9","71"
"393","2017","0-49 years old","w9","57"
"394","2018","0-49 years old","w9","60"
"395","2019","0-49 years old","w9","55"
"396","2020","0-49 years old","w9","65"
"397","2010","Total","w10","1 130"
"398","2011","Total","w10","1 316"
"399","2012","Total","w10","1 234"
"400","2013","Total","w10","1 186"
"401","2014","Total","w10","1 274"
"402","2015","Total","w10","1 373"
"403","2016","Total","w10","1 334"
"404","2017","Total","w10","1 382"
"405","2018","Total","w10","1 415"
"406","2019","Total","w10","1 445"
"407","2020","Total","w10","1 400"
"408","2010","70 years old and over","w10","825"
"409","2011","70 years old and over","w10","953"
"410","2012","70 years old and over","w10","894"
"411","2013","70 years old and over","w10","871"
"412","2014","70 years old and over","w10","944"
"413","2015","70 years old and over","w10","1 022"
"414","2016","70 years old and over","w10","972"
"415","2017","70 years old and over","w10","1 019"
"416","2018","70 years old and over","w10","1 090"
"417","2019","70 years old and over","w10","1 105"
"418","2020","70 years old and over","w10","1 030"
"419","2010","50-69 years old","w10","232"
"420","2011","50-69 years old","w10","291"
"421","2012","50-69 years old","w10","277"
"422","2013","50-69 years old","w10","251"
"423","2014","50-69 years old","w10","268"
"424","2015","50-69 years old","w10","293"
"425","2016","50-69 years old","w10","297"
"426","2017","50-69 years old","w10","310"
"427","2018","50-69 years old","w10","275"
"428","2019","50-69 years old","w10","290"
"429","2020","50-69 years old","w10","315"
"430","2010","0-49 years old","w10","73"
"431","2011","0-49 years old","w10","72"
"432","2012","0-49 years old","w10","63"
"433","2013","0-49 years old","w10","64"
"434","2014","0-49 years old","w10","62"
"435","2015","0-49 years old","w10","58"
"436","2016","0-49 years old","w10","65"
"437","2017","0-49 years old","w10","53"
"438","2018","0-49 years old","w10","55"
"439","2019","0-49 years old","w10","55"
"440","2020","0-49 years old","w10","55"
"441","2010","Total","w11","1 204"
"442","2011","Total","w11","1 254"
"443","2012","Total","w11","1 237"
"444","2013","Total","w11","1 195"
"445","2014","Total","w11","1 232"
"446","2015","Total","w11","1 378"
"447","2016","Total","w11","1 311"
"448","2017","Total","w11","1 356"
"449","2018","Total","w11","1 335"
"450","2019","Total","w11","1 385"
"451","2020","Total","w11","1 385"
"452","2010","70 years old and over","w11","875"
"453","2011","70 years old and over","w11","896"
"454","2012","70 years old and over","w11","870"
"455","2013","70 years old and over","w11","859"
"456","2014","70 years old and over","w11","884"
"457","2015","70 years old and over","w11","1 038"
"458","2016","70 years old and over","w11","961"
"459","2017","70 years old and over","w11","1 029"
"460","2018","70 years old and over","w11","1 005"
"461","2019","70 years old and over","w11","1 075"
"462","2020","70 years old and over","w11","1 045"
"463","2010","50-69 years old","w11","276"
"464","2011","50-69 years old","w11","295"
"465","2012","50-69 years old","w11","279"
"466","2013","50-69 years old","w11","272"
"467","2014","50-69 years old","w11","285"
"468","2015","50-69 years old","w11","278"
"469","2016","50-69 years old","w11","294"
"470","2017","50-69 years old","w11","267"
"471","2018","50-69 years old","w11","270"
"472","2019","50-69 years old","w11","245"
"473","2020","50-69 years old","w11","260"
"474","2010","0-49 years old","w11","53"
"475","2011","0-49 years old","w11","63"
"476","2012","0-49 years old","w11","88"
"477","2013","0-49 years old","w11","64"
"478","2014","0-49 years old","w11","63"
"479","2015","0-49 years old","w11","62"
"480","2016","0-49 years old","w11","56"
"481","2017","0-49 years old","w11","60"
"482","2018","0-49 years old","w11","60"
"483","2019","0-49 years old","w11","65"
"484","2020","0-49 years old","w11","80"
"485","2010","Total","w12","1 141"
"486","2011","Total","w12","1 186"
"487","2012","Total","w12","1 239"
"488","2013","Total","w12","1 267"
"489","2014","Total","w12","1 281"
"490","2015","Total","w12","1 327"
"491","2016","Total","w12","1 306"
"492","2017","Total","w12","1 377"
"493","2018","Total","w12","1 345"
"494","2019","Total","w12","1 350"
"495","2020","Total","w12","1 370"
"496","2010","70 years old and over","w12","814"
"497","2011","70 years old and over","w12","854"
"498","2012","70 years old and over","w12","879"
"499","2013","70 years old and over","w12","928"
"500","2014","70 years old and over","w12","928"
"501","2015","70 years old and over","w12","976"
"502","2016","70 years old and over","w12","943"
"503","2017","70 years old and over","w12","1 077"
"504","2018","70 years old and over","w12","1 045"
"505","2019","70 years old and over","w12","1 035"
"506","2020","70 years old and over","w12","1 050"
"507","2010","50-69 years old","w12","255"
"508","2011","50-69 years old","w12","256"
"509","2012","50-69 years old","w12","278"
"510","2013","50-69 years old","w12","273"
"511","2014","50-69 years old","w12","280"
"512","2015","50-69 years old","w12","291"
"513","2016","50-69 years old","w12","302"
"514","2017","50-69 years old","w12","245"
"515","2018","50-69 years old","w12","245"
"516","2019","50-69 years old","w12","260"
"517","2020","50-69 years old","w12","265"
"518","2010","0-49 years old","w12","72"
"519","2011","0-49 years old","w12","76"
"520","2012","0-49 years old","w12","82"
"521","2013","0-49 years old","w12","66"
"522","2014","0-49 years old","w12","73"
"523","2015","0-49 years old","w12","60"
"524","2016","0-49 years old","w12","61"
"525","2017","0-49 years old","w12","55"
"526","2018","0-49 years old","w12","50"
"527","2019","0-49 years old","w12","55"
"528","2020","0-49 years old","w12","55"
"529","2010","Total","w13","1 203"
"530","2011","Total","w13","1 223"
"531","2012","Total","w13","1 189"
"532","2013","Total","w13","1 163"
"533","2014","Total","w13","1 287"
"534","2015","Total","w13","1 363"
"535","2016","Total","w13","1 304"
"536","2017","Total","w13","1 363"
"537","2018","Total","w13","1 340"
"538","2019","Total","w13","1 270"
"539","2020","Total","w13","1 490"
"540","2010","70 years old and over","w13","852"
"541","2011","70 years old and over","w13","912"
"542","2012","70 years old and over","w13","883"
"543","2013","70 years old and over","w13","812"
"544","2014","70 years old and over","w13","936"
"545","2015","70 years old and over","w13","988"
"546","2016","70 years old and over","w13","946"
"547","2017","70 years old and over","w13","1 029"
"548","2018","70 years old and over","w13","1 030"
"549","2019","70 years old and over","w13","975"
"550","2020","70 years old and over","w13","1 135"
"551","2010","50-69 years old","w13","277"
"552","2011","50-69 years old","w13","248"
"553","2012","50-69 years old","w13","257"
"554","2013","50-69 years old","w13","291"
"555","2014","50-69 years old","w13","282"
"556","2015","50-69 years old","w13","309"
"557","2016","50-69 years old","w13","291"
"558","2017","50-69 years old","w13","280"
"559","2018","50-69 years old","w13","270"
"560","2019","50-69 years old","w13","250"
"561","2020","50-69 years old","w13","300"
"562","2010","0-49 years old","w13","74"
"563","2011","0-49 years old","w13","63"
"564","2012","0-49 years old","w13","49"
"565","2013","0-49 years old","w13","60"
"566","2014","0-49 years old","w13","69"
"567","2015","0-49 years old","w13","66"
"568","2016","0-49 years old","w13","67"
"569","2017","0-49 years old","w13","54"
"570","2018","0-49 years old","w13","40"
"571","2019","0-49 years old","w13","50"
"572","2020","0-49 years old","w13","55"
"573","2010","Total","w14","1 079"
"574","2011","Total","w14","1 187"
"575","2012","Total","w14","1 157"
"576","2013","Total","w14","1 186"
"577","2014","Total","w14","1 259"
"578","2015","Total","w14","1 199"
"579","2016","Total","w14","1 264"
"580","2017","Total","w14","1 337"
"581","2018","Total","w14","1 335"
"582","2019","Total","w14","1 275"
"583","2020","Total","w14","1 540"
"584","2010","70 years old and over","w14","773"
"585","2011","70 years old and over","w14","846"
"586","2012","70 years old and over","w14","838"
"587","2013","70 years old and over","w14","867"
"588","2014","70 years old and over","w14","932"
"589","2015","70 years old and over","w14","902"
"590","2016","70 years old and over","w14","932"
"591","2017","70 years old and over","w14","996"
"592","2018","70 years old and over","w14","1 000"
"593","2019","70 years old and over","w14","975"
"594","2020","70 years old and over","w14","1 190"
"595","2010","50-69 years old","w14","236"
"596","2011","50-69 years old","w14","268"
"597","2012","50-69 years old","w14","262"
"598","2013","50-69 years old","w14","261"
"599","2014","50-69 years old","w14","268"
"600","2015","50-69 years old","w14","247"
"601","2016","50-69 years old","w14","284"
"602","2017","50-69 years old","w14","287"
"603","2018","50-69 years old","w14","285"
"604","2019","50-69 years old","w14","250"
"605","2020","50-69 years old","w14","290"
"606","2010","0-49 years old","w14","70"
"607","2011","0-49 years old","w14","73"
"608","2012","0-49 years old","w14","57"
"609","2013","0-49 years old","w14","58"
"610","2014","0-49 years old","w14","59"
"611","2015","0-49 years old","w14","50"
"612","2016","0-49 years old","w14","48"
"613","2017","0-49 years old","w14","54"
"614","2018","0-49 years old","w14","50"
"615","2019","0-49 years old","w14","50"
"616","2020","0-49 years old","w14","60"
"617","2010","Total","w15","1 192"
"618","2011","Total","w15","1 181"
"619","2012","Total","w15","1 160"
"620","2013","Total","w15","1 183"
"621","2014","Total","w15","1 224"
"622","2015","Total","w15","1 353"
"623","2016","Total","w15","1 209"
"624","2017","Total","w15","1 339"
"625","2018","Total","w15","1 340"
"626","2019","Total","w15","1 385"
"627","2020","Total","w15","1 775"
"628","2010","70 years old and over","w15","894"
"629","2011","70 years old and over","w15","859"
"630","2012","70 years old and over","w15","847"
"631","2013","70 years old and over","w15","889"
"632","2014","70 years old and over","w15","903"
"633","2015","70 years old and over","w15","998"
"634","2016","70 years old and over","w15","903"
"635","2017","70 years old and over","w15","999"
"636","2018","70 years old and over","w15","1 000"
"637","2019","70 years old and over","w15","1 050"
"638","2020","70 years old and over","w15","1 445"
"639","2010","50-69 years old","w15","241"
"640","2011","50-69 years old","w15","252"
"641","2012","50-69 years old","w15","270"
"642","2013","50-69 years old","w15","241"
"643","2014","50-69 years old","w15","284"
"644","2015","50-69 years old","w15","286"
"645","2016","50-69 years old","w15","261"
"646","2017","50-69 years old","w15","279"
"647","2018","50-69 years old","w15","285"
"648","2019","50-69 years old","w15","280"
"649","2020","50-69 years old","w15","270"
"650","2010","0-49 years old","w15","57"
"651","2011","0-49 years old","w15","70"
"652","2012","0-49 years old","w15","43"
"653","2013","0-49 years old","w15","53"
"654","2014","0-49 years old","w15","37"
"655","2015","0-49 years old","w15","69"
"656","2016","0-49 years old","w15","45"
"657","2017","0-49 years old","w15","61"
"658","2018","0-49 years old","w15","55"
"659","2019","0-49 years old","w15","55"
"660","2020","0-49 years old","w15","60"
"661","2010","Total","w16","1 142"
"662","2011","Total","w16","1 167"
"663","2012","Total","w16","1 194"
"664","2013","Total","w16","1 234"
"665","2014","Total","w16","1 170"
"666","2015","Total","w16","1 278"
"667","2016","Total","w16","1 265"
"668","2017","Total","w16","1 258"
"669","2018","Total","w16","1 275"
"670","2019","Total","w16","1 350"
"671","2020","Total","w16","1 855"
"672","2010","70 years old and over","w16","814"
"673","2011","70 years old and over","w16","839"
"674","2012","70 years old and over","w16","874"
"675","2013","70 years old and over","w16","884"
"676","2014","70 years old and over","w16","844"
"677","2015","70 years old and over","w16","941"
"678","2016","70 years old and over","w16","916"
"679","2017","70 years old and over","w16","940"
"680","2018","70 years old and over","w16","960"
"681","2019","70 years old and over","w16","1 060"
"682","2020","70 years old and over","w16","1 495"
"683","2010","50-69 years old","w16","266"
"684","2011","50-69 years old","w16","256"
"685","2012","50-69 years old","w16","259"
"686","2013","50-69 years old","w16","281"
"687","2014","50-69 years old","w16","262"
"688","2015","50-69 years old","w16","279"
"689","2016","50-69 years old","w16","285"
"690","2017","50-69 years old","w16","276"
"691","2018","50-69 years old","w16","255"
"692","2019","50-69 years old","w16","235"
"693","2020","50-69 years old","w16","280"
"694","2010","0-49 years old","w16","62"
"695","2011","0-49 years old","w16","72"
"696","2012","0-49 years old","w16","61"
"697","2013","0-49 years old","w16","69"
"698","2014","0-49 years old","w16","64"
"699","2015","0-49 years old","w16","58"
"700","2016","0-49 years old","w16","64"
"701","2017","0-49 years old","w16","42"
"702","2018","0-49 years old","w16","60"
"703","2019","0-49 years old","w16","55"
"704","2020","0-49 years old","w16","80"
"705","2010","Total","w17","1 187"
"706","2011","Total","w17","1 114"
"707","2012","Total","w17","1 186"
"708","2013","Total","w17","1 103"
"709","2014","Total","w17","1 176"
"710","2015","Total","w17","1 197"
"711","2016","Total","w17","1 247"
"712","2017","Total","w17","1 240"
"713","2018","Total","w17","1 350"
"714","2019","Total","w17","1 300"
"715","2020","Total","w17","2 045"
"716","2010","70 years old and over","w17","839"
"717","2011","70 years old and over","w17","779"
"718","2012","70 years old and over","w17","830"
"719","2013","70 years old and over","w17","823"
"720","2014","70 years old and over","w17","890"
"721","2015","70 years old and over","w17","896"
"722","2016","70 years old and over","w17","914"
"723","2017","70 years old and over","w17","919"
"724","2018","70 years old and over","w17","1 025"
"725","2019","70 years old and over","w17","980"
"726","2020","70 years old and over","w17","1 670"
"727","2010","50-69 years old","w17","272"
"728","2011","50-69 years old","w17","273"
"729","2012","50-69 years old","w17","284"
"730","2013","50-69 years old","w17","221"
"731","2014","50-69 years old","w17","228"
"732","2015","50-69 years old","w17","249"
"733","2016","50-69 years old","w17","267"
"734","2017","50-69 years old","w17","266"
"735","2018","50-69 years old","w17","270"
"736","2019","50-69 years old","w17","270"
"737","2020","50-69 years old","w17","315"
"738","2010","0-49 years old","w17","76"
"739","2011","0-49 years old","w17","62"
"740","2012","0-49 years old","w17","72"
"741","2013","0-49 years old","w17","59"
"742","2014","0-49 years old","w17","58"
"743","2015","0-49 years old","w17","52"
"744","2016","0-49 years old","w17","66"
"745","2017","0-49 years old","w17","55"
"746","2018","0-49 years old","w17","55"
"747","2019","0-49 years old","w17","50"
"748","2020","0-49 years old","w17","60"
"749","2010","Total","w18","1 037"
"750","2011","Total","w18","1 147"
"751","2012","Total","w18","1 133"
"752","2013","Total","w18","1 142"
"753","2014","Total","w18","1 237"
"754","2015","Total","w18","1 213"
"755","2016","Total","w18","1 273"
"756","2017","Total","w18","1 243"
"757","2018","Total","w18","1 260"
"758","2019","Total","w18","1 355"
"759","2020","Total","w18","2 065"
"760","2010","70 years old and over","w18","761"
"761","2011","70 years old and over","w18","811"
"762","2012","70 years old and over","w18","794"
"763","2013","70 years old and over","w18","852"
"764","2014","70 years old and over","w18","891"
"765","2015","70 years old and over","w18","874"
"766","2016","70 years old and over","w18","939"
"767","2017","70 years old and over","w18","912"
"768","2018","70 years old and over","w18","955"
"769","2019","70 years old and over","w18","1 005"
"770","2020","70 years old and over","w18","1 670"
"771","2010","50-69 years old","w18","217"
"772","2011","50-69 years old","w18","271"
"773","2012","50-69 years old","w18","279"
"774","2013","50-69 years old","w18","229"
"775","2014","50-69 years old","w18","288"
"776","2015","50-69 years old","w18","280"
"777","2016","50-69 years old","w18","275"
"778","2017","50-69 years old","w18","262"
"779","2018","50-69 years old","w18","260"
"780","2019","50-69 years old","w18","285"
"781","2020","50-69 years old","w18","335"
"782","2010","0-49 years old","w18","59"
"783","2011","0-49 years old","w18","65"
"784","2012","0-49 years old","w18","60"
"785","2013","0-49 years old","w18","61"
"786","2014","0-49 years old","w18","58"
"787","2015","0-49 years old","w18","59"
"788","2016","0-49 years old","w18","59"
"789","2017","0-49 years old","w18","69"
"790","2018","0-49 years old","w18","40"
"791","2019","0-49 years old","w18","65"
"792","2020","0-49 years old","w18","60"
"793","2010","Total","w19","1 104"
"794","2011","Total","w19","1 135"
"795","2012","Total","w19","1 129"
"796","2013","Total","w19","1 214"
"797","2014","Total","w19","1 205"
"798","2015","Total","w19","1 167"
"799","2016","Total","w19","1 228"
"800","2017","Total","w19","1 293"
"801","2018","Total","w19","1 310"
"802","2019","Total","w19","1 345"
"803","2020","Total","w19","1 865"
"804","2010","70 years old and over","w19","763"
"805","2011","70 years old and over","w19","844"
"806","2012","70 years old and over","w19","787"
"807","2013","70 years old and over","w19","873"
"808","2014","70 years old and over","w19","881"
"809","2015","70 years old and over","w19","852"
"810","2016","70 years old and over","w19","922"
"811","2017","70 years old and over","w19","937"
"812","2018","70 years old and over","w19","980"
"813","2019","70 years old and over","w19","1 025"
"814","2020","70 years old and over","w19","1 525"
"815","2010","50-69 years old","w19","261"
"816","2011","50-69 years old","w19","233"
"817","2012","50-69 years old","w19","265"
"818","2013","50-69 years old","w19","253"
"819","2014","50-69 years old","w19","264"
"820","2015","50-69 years old","w19","269"
"821","2016","50-69 years old","w19","242"
"822","2017","50-69 years old","w19","310"
"823","2018","50-69 years old","w19","265"
"824","2019","50-69 years old","w19","260"
"825","2020","50-69 years old","w19","290"
"826","2010","0-49 years old","w19","80"
"827","2011","0-49 years old","w19","58"
"828","2012","0-49 years old","w19","77"
"829","2013","0-49 years old","w19","88"
"830","2014","0-49 years old","w19","60"
"831","2015","0-49 years old","w19","46"
"832","2016","0-49 years old","w19","64"
"833","2017","0-49 years old","w19","46"
"834","2018","0-49 years old","w19","65"
"835","2019","0-49 years old","w19","60"
"836","2020","0-49 years old","w19","55"
"837","2010","Total","w20","1 018"
"838","2011","Total","w20","1 107"
"839","2012","Total","w20","1 155"
"840","2013","Total","w20","1 111"
"841","2014","Total","w20","1 148"
"842","2015","Total","w20","1 160"
"843","2016","Total","w20","1 193"
"844","2017","Total","w20","1 249"
"845","2018","Total","w20","1 265"
"846","2019","Total","w20","1 310"
"847","2020","Total","w20","1 690"
"848","2010","70 years old and over","w20","702"
"849","2011","70 years old and over","w20","806"
"850","2012","70 years old and over","w20","827"
"851","2013","70 years old and over","w20","803"
"852","2014","70 years old and over","w20","821"
"853","2015","70 years old and over","w20","824"
"854","2016","70 years old and over","w20","895"
"855","2017","70 years old and over","w20","925"
"856","2018","70 years old and over","w20","960"
"857","2019","70 years old and over","w20","1 010"
"858","2020","70 years old and over","w20","1 375"
"859","2010","50-69 years old","w20","243"
"860","2011","50-69 years old","w20","237"
"861","2012","50-69 years old","w20","263"
"862","2013","50-69 years old","w20","243"
"863","2014","50-69 years old","w20","265"
"864","2015","50-69 years old","w20","265"
"865","2016","50-69 years old","w20","255"
"866","2017","50-69 years old","w20","263"
"867","2018","50-69 years old","w20","245"
"868","2019","50-69 years old","w20","255"
"869","2020","50-69 years old","w20","255"
"870","2010","0-49 years old","w20","73"
"871","2011","0-49 years old","w20","64"
"872","2012","0-49 years old","w20","65"
"873","2013","0-49 years old","w20","65"
"874","2014","0-49 years old","w20","62"
"875","2015","0-49 years old","w20","71"
"876","2016","0-49 years old","w20","43"
"877","2017","0-49 years old","w20","61"
"878","2018","0-49 years old","w20","60"
"879","2019","0-49 years old","w20","45"
"880","2020","0-49 years old","w20","60"
"881","2010","Total","w21","1 130"
"882","2011","Total","w21","1 016"
"883","2012","Total","w21","1 131"
"884","2013","Total","w21","1 056"
"885","2014","Total","w21","1 088"
"886","2015","Total","w21","1 139"
"887","2016","Total","w21","1 177"
"888","2017","Total","w21","1 129"
"889","2018","Total","w21","1 245"
"890","2019","Total","w21","1 280"
"891","2020","Total","w21","1 580"
"892","2010","70 years old and over","w21","790"
"893","2011","70 years old and over","w21","723"
"894","2012","70 years old and over","w21","788"
"895","2013","70 years old and over","w21","769"
"896","2014","70 years old and over","w21","779"
"897","2015","70 years old and over","w21","799"
"898","2016","70 years old and over","w21","859"
"899","2017","70 years old and over","w21","818"
"900","2018","70 years old and over","w21","915"
"901","2019","70 years old and over","w21","990"
"902","2020","70 years old and over","w21","1 225"
"903","2010","50-69 years old","w21","257"
"904","2011","50-69 years old","w21","243"
"905","2012","50-69 years old","w21","275"
"906","2013","50-69 years old","w21","238"
"907","2014","50-69 years old","w21","254"
"908","2015","50-69 years old","w21","279"
"909","2016","50-69 years old","w21","242"
"910","2017","50-69 years old","w21","257"
"911","2018","50-69 years old","w21","265"
"912","2019","50-69 years old","w21","230"
"913","2020","50-69 years old","w21","310"
"914","2010","0-49 years old","w21","83"
"915","2011","0-49 years old","w21","50"
"916","2012","0-49 years old","w21","68"
"917","2013","0-49 years old","w21","49"
"918","2014","0-49 years old","w21","55"
"919","2015","0-49 years old","w21","61"
"920","2016","0-49 years old","w21","76"
"921","2017","0-49 years old","w21","54"
"922","2018","0-49 years old","w21","65"
"923","2019","0-49 years old","w21","60"
"924","2020","0-49 years old","w21","50"
"925","2010","Total","w22","1 109"
"926","2011","Total","w22","1 048"
"927","2012","Total","w22","1 068"
"928","2013","Total","w22","1 150"
"929","2014","Total","w22","1 116"
"930","2015","Total","w22","1 076"
"931","2016","Total","w22","1 112"
"932","2017","Total","w22","1 164"
"933","2018","Total","w22","1 240"
"934","2019","Total","w22","1 235"
"935","2020","Total","w22","1 695"
"936","2010","70 years old and over","w22","802"
"937","2011","70 years old and over","w22","715"
"938","2012","70 years old and over","w22","709"
"939","2013","70 years old and over","w22","840"
"940","2014","70 years old and over","w22","809"
"941","2015","70 years old and over","w22","761"
"942","2016","70 years old and over","w22","833"
"943","2017","70 years old and over","w22","865"
"944","2018","70 years old and over","w22","925"
"945","2019","70 years old and over","w22","955"
"946","2020","70 years old and over","w22","1 305"
"947","2010","50-69 years old","w22","233"
"948","2011","50-69 years old","w22","254"
"949","2012","50-69 years old","w22","294"
"950","2013","50-69 years old","w22","246"
"951","2014","50-69 years old","w22","250"
"952","2015","50-69 years old","w22","251"
"953","2016","50-69 years old","w22","230"
"954","2017","50-69 years old","w22","240"
"955","2018","50-69 years old","w22","265"
"956","2019","50-69 years old","w22","215"
"957","2020","50-69 years old","w22","320"
"958","2010","0-49 years old","w22","74"
"959","2011","0-49 years old","w22","79"
"960","2012","0-49 years old","w22","65"
"961","2013","0-49 years old","w22","64"
"962","2014","0-49 years old","w22","57"
"963","2015","0-49 years old","w22","64"
"964","2016","0-49 years old","w22","49"
"965","2017","0-49 years old","w22","59"
"966","2018","0-49 years old","w22","55"
"967","2019","0-49 years old","w22","65"
"968","2020","0-49 years old","w22","75"
"969","2010","Total","w23","1 091"
"970","2011","Total","w23","1 110"
"971","2012","Total","w23","1 089"
"972","2013","Total","w23","1 046"
"973","2014","Total","w23","1 108"
"974","2015","Total","w23","1 118"
"975","2016","Total","w23","1 096"
"976","2017","Total","w23","1 177"
"977","2018","Total","w23","1 185"
"978","2019","Total","w23","1 205"
"979","2020","Total","w23","1 375"
"980","2010","70 years old and over","w23","721"
"981","2011","70 years old and over","w23","776"
"982","2012","70 years old and over","w23","759"
"983","2013","70 years old and over","w23","743"
"984","2014","70 years old and over","w23","781"
"985","2015","70 years old and over","w23","791"
"986","2016","70 years old and over","w23","792"
"987","2017","70 years old and over","w23","885"
"988","2018","70 years old and over","w23","870"
"989","2019","70 years old and over","w23","920"
"990","2020","70 years old and over","w23","1 015"
"991","2010","50-69 years old","w23","286"
"992","2011","50-69 years old","w23","258"
"993","2012","50-69 years old","w23","256"
"994","2013","50-69 years old","w23","240"
"995","2014","50-69 years old","w23","255"
"996","2015","50-69 years old","w23","265"
"997","2016","50-69 years old","w23","248"
"998","2017","50-69 years old","w23","236"
"999","2018","50-69 years old","w23","260"
"1000","2019","50-69 years old","w23","220"
"1001","2020","50-69 years old","w23","295"
"1002","2010","0-49 years old","w23","84"
"1003","2011","0-49 years old","w23","76"
"1004","2012","0-49 years old","w23","74"
"1005","2013","0-49 years old","w23","63"
"1006","2014","0-49 years old","w23","72"
"1007","2015","0-49 years old","w23","62"
"1008","2016","0-49 years old","w23","56"
"1009","2017","0-49 years old","w23","56"
"1010","2018","0-49 years old","w23","55"
"1011","2019","0-49 years old","w23","65"
"1012","2020","0-49 years old","w23","70"
"1013","2010","Total","w24","1 067"
"1014","2011","Total","w24","1 102"
"1015","2012","Total","w24","1 057"
"1016","2013","Total","w24","1 086"
"1017","2014","Total","w24","1 123"
"1018","2015","Total","w24","1 101"
"1019","2016","Total","w24","1 146"
"1020","2017","Total","w24","1 146"
"1021","2018","Total","w24","1 190"
"1022","2019","Total","w24","1 270"
"1023","2020","Total","w24","1 225"
"1024","2010","70 years old and over","w24","736"
"1025","2011","70 years old and over","w24","760"
"1026","2012","70 years old and over","w24","730"
"1027","2013","70 years old and over","w24","767"
"1028","2014","70 years old and over","w24","810"
"1029","2015","70 years old and over","w24","749"
"1030","2016","70 years old and over","w24","813"
"1031","2017","70 years old and over","w24","845"
"1032","2018","70 years old and over","w24","855"
"1033","2019","70 years old and over","w24","945"
"1034","2020","70 years old and over","w24","910"
"1035","2010","50-69 years old","w24","248"
"1036","2011","50-69 years old","w24","256"
"1037","2012","50-69 years old","w24","273"
"1038","2013","50-69 years old","w24","246"
"1039","2014","50-69 years old","w24","257"
"1040","2015","50-69 years old","w24","288"
"1041","2016","50-69 years old","w24","276"
"1042","2017","50-69 years old","w24","235"
"1043","2018","50-69 years old","w24","280"
"1044","2019","50-69 years old","w24","255"
"1045","2020","50-69 years old","w24","270"
"1046","2010","0-49 years old","w24","83"
"1047","2011","0-49 years old","w24","86"
"1048","2012","0-49 years old","w24","54"
"1049","2013","0-49 years old","w24","73"
"1050","2014","0-49 years old","w24","56"
"1051","2015","0-49 years old","w24","64"
"1052","2016","0-49 years old","w24","57"
"1053","2017","0-49 years old","w24","66"
"1054","2018","0-49 years old","w24","60"
"1055","2019","0-49 years old","w24","65"
"1056","2020","0-49 years old","w24","45"
"1057","2010","Total","w25","1 018"
"1058","2011","Total","w25","1 028"
"1059","2012","Total","w25","1 059"
"1060","2013","Total","w25","1 045"
"1061","2014","Total","w25","1 072"
"1062","2015","Total","w25","1 043"
"1063","2016","Total","w25","1 193"
"1064","2017","Total","w25","1 171"
"1065","2018","Total","w25","1 160"
"1066","2019","Total","w25","1 170"
"1067","2020","Total","w25","1 210"
"1068","2010","70 years old and over","w25","699"
"1069","2011","70 years old and over","w25","706"
"1070","2012","70 years old and over","w25","771"
"1071","2013","70 years old and over","w25","732"
"1072","2014","70 years old and over","w25","746"
"1073","2015","70 years old and over","w25","750"
"1074","2016","70 years old and over","w25","843"
"1075","2017","70 years old and over","w25","839"
"1076","2018","70 years old and over","w25","880"
"1077","2019","70 years old and over","w25","885"
"1078","2020","70 years old and over","w25","905"
"1079","2010","50-69 years old","w25","255"
"1080","2011","50-69 years old","w25","249"
"1081","2012","50-69 years old","w25","219"
"1082","2013","50-69 years old","w25","253"
"1083","2014","50-69 years old","w25","257"
"1084","2015","50-69 years old","w25","233"
"1085","2016","50-69 years old","w25","281"
"1086","2017","50-69 years old","w25","274"
"1087","2018","50-69 years old","w25","230"
"1088","2019","50-69 years old","w25","240"
"1089","2020","50-69 years old","w25","270"
"1090","2010","0-49 years old","w25","64"
"1091","2011","0-49 years old","w25","73"
"1092","2012","0-49 years old","w25","69"
"1093","2013","0-49 years old","w25","60"
"1094","2014","0-49 years old","w25","69"
"1095","2015","0-49 years old","w25","60"
"1096","2016","0-49 years old","w25","69"
"1097","2017","0-49 years old","w25","58"
"1098","2018","0-49 years old","w25","55"
"1099","2019","0-49 years old","w25","45"
"1100","2020","0-49 years old","w25","40"
"1101","2010","Total","w26","999"
"1102","2011","Total","w26","1 038"
"1103","2012","Total","w26","1 085"
"1104","2013","Total","w26","1 041"
"1105","2014","Total","w26","1 161"
"1106","2015","Total","w26","1 047"
"1107","2016","Total","w26","1 130"
"1108","2017","Total","w26","1 155"
"1109","2018","Total","w26","1 125"
"1110","2019","Total","w26","1 225"
"1111","2020","Total","w26","1 220"
"1112","2010","70 years old and over","w26","680"
"1113","2011","70 years old and over","w26","729"
"1114","2012","70 years old and over","w26","766"
"1115","2013","70 years old and over","w26","721"
"1116","2014","70 years old and over","w26","840"
"1117","2015","70 years old and over","w26","753"
"1118","2016","70 years old and over","w26","823"
"1119","2017","70 years old and over","w26","823"
"1120","2018","70 years old and over","w26","840"
"1121","2019","70 years old and over","w26","910"
"1122","2020","70 years old and over","w26","900"
"1123","2010","50-69 years old","w26","248"
"1124","2011","50-69 years old","w26","238"
"1125","2012","50-69 years old","w26","247"
"1126","2013","50-69 years old","w26","240"
"1127","2014","50-69 years old","w26","256"
"1128","2015","50-69 years old","w26","241"
"1129","2016","50-69 years old","w26","252"
"1130","2017","50-69 years old","w26","264"
"1131","2018","50-69 years old","w26","225"
"1132","2019","50-69 years old","w26","260"
"1133","2020","50-69 years old","w26","260"
"1134","2010","0-49 years old","w26","71"
"1135","2011","0-49 years old","w26","71"
"1136","2012","0-49 years old","w26","72"
"1137","2013","0-49 years old","w26","80"
"1138","2014","0-49 years old","w26","65"
"1139","2015","0-49 years old","w26","53"
"1140","2016","0-49 years old","w26","55"
"1141","2017","0-49 years old","w26","68"
"1142","2018","0-49 years old","w26","60"
"1143","2019","0-49 years old","w26","55"
"1144","2020","0-49 years old","w26","60"
"1145","2010","Total","w27","1 302"
"1146","2011","Total","w27","1 028"
"1147","2012","Total","w27","1 135"
"1148","2013","Total","w27","1 131"
"1149","2014","Total","w27","1 198"
"1150","2015","Total","w27","1 117"
"1151","2016","Total","w27","1 090"
"1152","2017","Total","w27","1 136"
"1153","2018","Total","w27","1 345"
"1154","2019","Total","w27","1 240"
"1155","2020","Total","w27","1 120"
"1156","2010","70 years old and over","w27","881"
"1157","2011","70 years old and over","w27","700"
"1158","2012","70 years old and over","w27","788"
"1159","2013","70 years old and over","w27","764"
"1160","2014","70 years old and over","w27","863"
"1161","2015","70 years old and over","w27","792"
"1162","2016","70 years old and over","w27","760"
"1163","2017","70 years old and over","w27","815"
"1164","2018","70 years old and over","w27","970"
"1165","2019","70 years old and over","w27","915"
"1166","2020","70 years old and over","w27","795"
"1167","2010","50-69 years old","w27","318"
"1168","2011","50-69 years old","w27","252"
"1169","2012","50-69 years old","w27","273"
"1170","2013","50-69 years old","w27","261"
"1171","2014","50-69 years old","w27","278"
"1172","2015","50-69 years old","w27","259"
"1173","2016","50-69 years old","w27","269"
"1174","2017","50-69 years old","w27","251"
"1175","2018","50-69 years old","w27","300"
"1176","2019","50-69 years old","w27","270"
"1177","2020","50-69 years old","w27","250"
"1178","2010","0-49 years old","w27","103"
"1179","2011","0-49 years old","w27","76"
"1180","2012","0-49 years old","w27","74"
"1181","2013","0-49 years old","w27","106"
"1182","2014","0-49 years old","w27","57"
"1183","2015","0-49 years old","w27","66"
"1184","2016","0-49 years old","w27","61"
"1185","2017","0-49 years old","w27","70"
"1186","2018","0-49 years old","w27","75"
"1187","2019","0-49 years old","w27","60"
"1188","2020","0-49 years old","w27","70"
"1189","2010","Total","w28","1 153"
"1190","2011","Total","w28","1 030"
"1191","2012","Total","w28","1 094"
"1192","2013","Total","w28","1 103"
"1193","2014","Total","w28","1 122"
"1194","2015","Total","w28","1 040"
"1195","2016","Total","w28","1 124"
"1196","2017","Total","w28","1 155"
"1197","2018","Total","w28","1 195"
"1198","2019","Total","w28","1 235"
"1199","2020","Total","w28","1 210"
"1200","2010","70 years old and over","w28","826"
"1201","2011","70 years old and over","w28","727"
"1202","2012","70 years old and over","w28","780"
"1203","2013","70 years old and over","w28","776"
"1204","2014","70 years old and over","w28","771"
"1205","2015","70 years old and over","w28","752"
"1206","2016","70 years old and over","w28","797"
"1207","2017","70 years old and over","w28","845"
"1208","2018","70 years old and over","w28","880"
"1209","2019","70 years old and over","w28","910"
"1210","2020","70 years old and over","w28","915"
"1211","2010","50-69 years old","w28","253"
"1212","2011","50-69 years old","w28","239"
"1213","2012","50-69 years old","w28","248"
"1214","2013","50-69 years old","w28","249"
"1215","2014","50-69 years old","w28","273"
"1216","2015","50-69 years old","w28","226"
"1217","2016","50-69 years old","w28","264"
"1218","2017","50-69 years old","w28","252"
"1219","2018","50-69 years old","w28","255"
"1220","2019","50-69 years old","w28","255"
"1221","2020","50-69 years old","w28","240"
"1222","2010","0-49 years old","w28","74"
"1223","2011","0-49 years old","w28","64"
"1224","2012","0-49 years old","w28","66"
"1225","2013","0-49 years old","w28","78"
"1226","2014","0-49 years old","w28","78"
"1227","2015","0-49 years old","w28","62"
"1228","2016","0-49 years old","w28","63"
"1229","2017","0-49 years old","w28","58"
"1230","2018","0-49 years old","w28","65"
"1231","2019","0-49 years old","w28","65"
"1232","2020","0-49 years old","w28","55"
"1233","2010","Total","w29","1 121"
"1234","2011","Total","w29","1 082"
"1235","2012","Total","w29","1 074"
"1236","2013","Total","w29","1 128"
"1237","2014","Total","w29","1 064"
"1238","2015","Total","w29","1 073"
"1239","2016","Total","w29","1 079"
"1240","2017","Total","w29","1 083"
"1241","2018","Total","w29","1 130"
"1242","2019","Total","w29","1 245"
"1243","2020","Total","w29","1 150"
"1244","2010","70 years old and over","w29","771"
"1245","2011","70 years old and over","w29","768"
"1246","2012","70 years old and over","w29","754"
"1247","2013","70 years old and over","w29","793"
"1248","2014","70 years old and over","w29","738"
"1249","2015","70 years old and over","w29","767"
"1250","2016","70 years old and over","w29","770"
"1251","2017","70 years old and over","w29","775"
"1252","2018","70 years old and over","w29","815"
"1253","2019","70 years old and over","w29","920"
"1254","2020","70 years old and over","w29","825"
"1255","2010","50-69 years old","w29","274"
"1256","2011","50-69 years old","w29","244"
"1257","2012","50-69 years old","w29","253"
"1258","2013","50-69 years old","w29","263"
"1259","2014","50-69 years old","w29","259"
"1260","2015","50-69 years old","w29","243"
"1261","2016","50-69 years old","w29","254"
"1262","2017","50-69 years old","w29","242"
"1263","2018","50-69 years old","w29","250"
"1264","2019","50-69 years old","w29","265"
"1265","2020","50-69 years old","w29","260"
"1266","2010","0-49 years old","w29","76"
"1267","2011","0-49 years old","w29","70"
"1268","2012","0-49 years old","w29","67"
"1269","2013","0-49 years old","w29","72"
"1270","2014","0-49 years old","w29","67"
"1271","2015","0-49 years old","w29","63"
"1272","2016","0-49 years old","w29","55"
"1273","2017","0-49 years old","w29","66"
"1274","2018","0-49 years old","w29","60"
"1275","2019","0-49 years old","w29","55"
"1276","2020","0-49 years old","w29","65"
"1277","2010","Total","w30","1 053"
"1278","2011","Total","w30","1 068"
"1279","2012","Total","w30","1 068"
"1280","2013","Total","w30","1 031"
"1281","2014","Total","w30","1 158"
"1282","2015","Total","w30","1 117"
"1283","2016","Total","w30","1 150"
"1284","2017","Total","w30","1 135"
"1285","2018","Total","w30","1 155"
"1286","2019","Total","w30","1 190"
"1287","2020","Total","w30","1 135"
"1288","2010","70 years old and over","w30","745"
"1289","2011","70 years old and over","w30","757"
"1290","2012","70 years old and over","w30","713"
"1291","2013","70 years old and over","w30","738"
"1292","2014","70 years old and over","w30","817"
"1293","2015","70 years old and over","w30","779"
"1294","2016","70 years old and over","w30","817"
"1295","2017","70 years old and over","w30","844"
"1296","2018","70 years old and over","w30","860"
"1297","2019","70 years old and over","w30","860"
"1298","2020","70 years old and over","w30","835"
"1299","2010","50-69 years old","w30","256"
"1300","2011","50-69 years old","w30","239"
"1301","2012","50-69 years old","w30","283"
"1302","2013","50-69 years old","w30","237"
"1303","2014","50-69 years old","w30","266"
"1304","2015","50-69 years old","w30","265"
"1305","2016","50-69 years old","w30","270"
"1306","2017","50-69 years old","w30","233"
"1307","2018","50-69 years old","w30","235"
"1308","2019","50-69 years old","w30","260"
"1309","2020","50-69 years old","w30","245"
"1310","2010","0-49 years old","w30","52"
"1311","2011","0-49 years old","w30","72"
"1312","2012","0-49 years old","w30","72"
"1313","2013","0-49 years old","w30","56"
"1314","2014","0-49 years old","w30","75"
"1315","2015","0-49 years old","w30","73"
"1316","2016","0-49 years old","w30","63"
"1317","2017","0-49 years old","w30","58"
"1318","2018","0-49 years old","w30","60"
"1319","2019","0-49 years old","w30","65"
"1320","2020","0-49 years old","w30","55"
"1321","2010","Total","w31","1 012"
"1322","2011","Total","w31","1 033"
"1323","2012","Total","w31","1 121"
"1324","2013","Total","w31","1 076"
"1325","2014","Total","w31","1 067"
"1326","2015","Total","w31","1 005"
"1327","2016","Total","w31","1 110"
"1328","2017","Total","w31","1 129"
"1329","2018","Total","w31","1 220"
"1330","2019","Total","w31","1 095"
"1331","2020","Total","w31","1 130"
"1332","2010","70 years old and over","w31","693"
"1333","2011","70 years old and over","w31","708"
"1334","2012","70 years old and over","w31","822"
"1335","2013","70 years old and over","w31","757"
"1336","2014","70 years old and over","w31","774"
"1337","2015","70 years old and over","w31","715"
"1338","2016","70 years old and over","w31","820"
"1339","2017","70 years old and over","w31","811"
"1340","2018","70 years old and over","w31","900"
"1341","2019","70 years old and over","w31","810"
"1342","2020","70 years old and over","w31","845"
"1343","2010","50-69 years old","w31","252"
"1344","2011","50-69 years old","w31","256"
"1345","2012","50-69 years old","w31","236"
"1346","2013","50-69 years old","w31","250"
"1347","2014","50-69 years old","w31","237"
"1348","2015","50-69 years old","w31","226"
"1349","2016","50-69 years old","w31","243"
"1350","2017","50-69 years old","w31","261"
"1351","2018","50-69 years old","w31","260"
"1352","2019","50-69 years old","w31","245"
"1353","2020","50-69 years old","w31","225"
"1354","2010","0-49 years old","w31","67"
"1355","2011","0-49 years old","w31","69"
"1356","2012","0-49 years old","w31","63"
"1357","2013","0-49 years old","w31","69"
"1358","2014","0-49 years old","w31","56"
"1359","2015","0-49 years old","w31","64"
"1360","2016","0-49 years old","w31","47"
"1361","2017","0-49 years old","w31","57"
"1362","2018","0-49 years old","w31","65"
"1363","2019","0-49 years old","w31","45"
"1364","2020","0-49 years old","w31","60"
"1365","2010","Total","w32","1 040"
"1366","2011","Total","w32","1 062"
"1367","2012","Total","w32","1 108"
"1368","2013","Total","w32","1 032"
"1369","2014","Total","w32","1 105"
"1370","2015","Total","w32","1 041"
"1371","2016","Total","w32","1 124"
"1372","2017","Total","w32","1 116"
"1373","2018","Total","w32","1 155"
"1374","2019","Total","w32","1 165"
"1375","2020","Total","w32","1 200"
"1376","2010","70 years old and over","w32","728"
"1377","2011","70 years old and over","w32","732"
"1378","2012","70 years old and over","w32","798"
"1379","2013","70 years old and over","w32","730"
"1380","2014","70 years old and over","w32","807"
"1381","2015","70 years old and over","w32","778"
"1382","2016","70 years old and over","w32","819"
"1383","2017","70 years old and over","w32","783"
"1384","2018","70 years old and over","w32","850"
"1385","2019","70 years old and over","w32","875"
"1386","2020","70 years old and over","w32","905"
"1387","2010","50-69 years old","w32","231"
"1388","2011","50-69 years old","w32","252"
"1389","2012","50-69 years old","w32","230"
"1390","2013","50-69 years old","w32","232"
"1391","2014","50-69 years old","w32","249"
"1392","2015","50-69 years old","w32","207"
"1393","2016","50-69 years old","w32","243"
"1394","2017","50-69 years old","w32","269"
"1395","2018","50-69 years old","w32","250"
"1396","2019","50-69 years old","w32","225"
"1397","2020","50-69 years old","w32","235"
"1398","2010","0-49 years old","w32","81"
"1399","2011","0-49 years old","w32","78"
"1400","2012","0-49 years old","w32","80"
"1401","2013","0-49 years old","w32","70"
"1402","2014","0-49 years old","w32","49"
"1403","2015","0-49 years old","w32","56"
"1404","2016","0-49 years old","w32","62"
"1405","2017","0-49 years old","w32","64"
"1406","2018","0-49 years old","w32","55"
"1407","2019","0-49 years old","w32","60"
"1408","2020","0-49 years old","w32","60"
"1409","2010","Total","w33","1 037"
"1410","2011","Total","w33","1 046"
"1411","2012","Total","w33","1 074"
"1412","2013","Total","w33","1 103"
"1413","2014","Total","w33","1 057"
"1414","2015","Total","w33","1 101"
"1415","2016","Total","w33","1 159"
"1416","2017","Total","w33","1 111"
"1417","2018","Total","w33","1 170"
"1418","2019","Total","w33","1 145"
"1419","2020","Total","w33","1 165"
"1420","2010","70 years old and over","w33","716"
"1421","2011","70 years old and over","w33","721"
"1422","2012","70 years old and over","w33","758"
"1423","2013","70 years old and over","w33","786"
"1424","2014","70 years old and over","w33","750"
"1425","2015","70 years old and over","w33","763"
"1426","2016","70 years old and over","w33","835"
"1427","2017","70 years old and over","w33","826"
"1428","2018","70 years old and over","w33","870"
"1429","2019","70 years old and over","w33","850"
"1430","2020","70 years old and over","w33","885"
"1431","2010","50-69 years old","w33","245"
"1432","2011","50-69 years old","w33","257"
"1433","2012","50-69 years old","w33","247"
"1434","2013","50-69 years old","w33","256"
"1435","2014","50-69 years old","w33","236"
"1436","2015","50-69 years old","w33","275"
"1437","2016","50-69 years old","w33","263"
"1438","2017","50-69 years old","w33","228"
"1439","2018","50-69 years old","w33","245"
"1440","2019","50-69 years old","w33","255"
"1441","2020","50-69 years old","w33","220"
"1442","2010","0-49 years old","w33","76"
"1443","2011","0-49 years old","w33","68"
"1444","2012","0-49 years old","w33","69"
"1445","2013","0-49 years old","w33","61"
"1446","2014","0-49 years old","w33","71"
"1447","2015","0-49 years old","w33","63"
"1448","2016","0-49 years old","w33","61"
"1449","2017","0-49 years old","w33","57"
"1450","2018","0-49 years old","w33","55"
"1451","2019","0-49 years old","w33","45"
"1452","2020","0-49 years old","w33","60"
"1453","2010","Total","w34","1 040"
"1454","2011","Total","w34","1 036"
"1455","2012","Total","w34","1 110"
"1456","2013","Total","w34","1 020"
"1457","2014","Total","w34","1 077"
"1458","2015","Total","w34","1 080"
"1459","2016","Total","w34","1 098"
"1460","2017","Total","w34","1 113"
"1461","2018","Total","w34","1 180"
"1462","2019","Total","w34","1 115"
"1463","2020","Total","w34","1 145"
"1464","2010","70 years old and over","w34","714"
"1465","2011","70 years old and over","w34","705"
"1466","2012","70 years old and over","w34","761"
"1467","2013","70 years old and over","w34","741"
"1468","2014","70 years old and over","w34","755"
"1469","2015","70 years old and over","w34","757"
"1470","2016","70 years old and over","w34","773"
"1471","2017","70 years old and over","w34","805"
"1472","2018","70 years old and over","w34","880"
"1473","2019","70 years old and over","w34","820"
"1474","2020","70 years old and over","w34","850"
"1475","2010","50-69 years old","w34","240"
"1476","2011","50-69 years old","w34","264"
"1477","2012","50-69 years old","w34","259"
"1478","2013","50-69 years old","w34","219"
"1479","2014","50-69 years old","w34","247"
"1480","2015","50-69 years old","w34","263"
"1481","2016","50-69 years old","w34","276"
"1482","2017","50-69 years old","w34","243"
"1483","2018","50-69 years old","w34","250"
"1484","2019","50-69 years old","w34","245"
"1485","2020","50-69 years old","w34","240"
"1486","2010","0-49 years old","w34","86"
"1487","2011","0-49 years old","w34","67"
"1488","2012","0-49 years old","w34","90"
"1489","2013","0-49 years old","w34","60"
"1490","2014","0-49 years old","w34","75"
"1491","2015","0-49 years old","w34","60"
"1492","2016","0-49 years old","w34","49"
"1493","2017","0-49 years old","w34","65"
"1494","2018","0-49 years old","w34","50"
"1495","2019","0-49 years old","w34","45"
"1496","2020","0-49 years old","w34","55"
"1497","2010","Total","w35","1 062"
"1498","2011","Total","w35","1 058"
"1499","2012","Total","w35","1 041"
"1500","2013","Total","w35","1 053"
"1501","2014","Total","w35","1 083"
"1502","2015","Total","w35","1 071"
"1503","2016","Total","w35","1 094"
"1504","2017","Total","w35","1 117"
"1505","2018","Total","w35","1 100"
"1506","2019","Total","w35","1 155"
"1507","2020","Total","w35","1 225"
"1508","2010","70 years old and over","w35","726"
"1509","2011","70 years old and over","w35","734"
"1510","2012","70 years old and over","w35","752"
"1511","2013","70 years old and over","w35","754"
"1512","2014","70 years old and over","w35","751"
"1513","2015","70 years old and over","w35","761"
"1514","2016","70 years old and over","w35","752"
"1515","2017","70 years old and over","w35","794"
"1516","2018","70 years old and over","w35","825"
"1517","2019","70 years old and over","w35","880"
"1518","2020","70 years old and over","w35","925"
"1519","2010","50-69 years old","w35","266"
"1520","2011","50-69 years old","w35","255"
"1521","2012","50-69 years old","w35","215"
"1522","2013","50-69 years old","w35","228"
"1523","2014","50-69 years old","w35","264"
"1524","2015","50-69 years old","w35","236"
"1525","2016","50-69 years old","w35","278"
"1526","2017","50-69 years old","w35","268"
"1527","2018","50-69 years old","w35","230"
"1528","2019","50-69 years old","w35","240"
"1529","2020","50-69 years old","w35","255"
"1530","2010","0-49 years old","w35","70"
"1531","2011","0-49 years old","w35","69"
"1532","2012","0-49 years old","w35","74"
"1533","2013","0-49 years old","w35","71"
"1534","2014","0-49 years old","w35","68"
"1535","2015","0-49 years old","w35","74"
"1536","2016","0-49 years old","w35","64"
"1537","2017","0-49 years old","w35","55"
"1538","2018","0-49 years old","w35","45"
"1539","2019","0-49 years old","w35","35"
"1540","2020","0-49 years old","w35","40"
"1541","2010","Total","w36","1 054"
"1542","2011","Total","w36","1 009"
"1543","2012","Total","w36","1 097"
"1544","2013","Total","w36","1 105"
"1545","2014","Total","w36","1 097"
"1546","2015","Total","w36","1 081"
"1547","2016","Total","w36","1 109"
"1548","2017","Total","w36","1 182"
"1549","2018","Total","w36","1 170"
"1550","2019","Total","w36","1 175"
"1551","2020","Total","w36","1 200"
"1552","2010","70 years old and over","w36","739"
"1553","2011","70 years old and over","w36","714"
"1554","2012","70 years old and over","w36","784"
"1555","2013","70 years old and over","w36","776"
"1556","2014","70 years old and over","w36","762"
"1557","2015","70 years old and over","w36","745"
"1558","2016","70 years old and over","w36","792"
"1559","2017","70 years old and over","w36","856"
"1560","2018","70 years old and over","w36","850"
"1561","2019","70 years old and over","w36","880"
"1562","2020","70 years old and over","w36","875"
"1563","2010","50-69 years old","w36","243"
"1564","2011","50-69 years old","w36","230"
"1565","2012","50-69 years old","w36","244"
"1566","2013","50-69 years old","w36","271"
"1567","2014","50-69 years old","w36","260"
"1568","2015","50-69 years old","w36","275"
"1569","2016","50-69 years old","w36","247"
"1570","2017","50-69 years old","w36","266"
"1571","2018","50-69 years old","w36","270"
"1572","2019","50-69 years old","w36","240"
"1573","2020","50-69 years old","w36","265"
"1574","2010","0-49 years old","w36","72"
"1575","2011","0-49 years old","w36","65"
"1576","2012","0-49 years old","w36","69"
"1577","2013","0-49 years old","w36","58"
"1578","2014","0-49 years old","w36","75"
"1579","2015","0-49 years old","w36","61"
"1580","2016","0-49 years old","w36","70"
"1581","2017","0-49 years old","w36","60"
"1582","2018","0-49 years old","w36","50"
"1583","2019","0-49 years old","w36","50"
"1584","2020","0-49 years old","w36","60"
"1585","2010","Total","w37","1 050"
"1586","2011","Total","w37","1 029"
"1587","2012","Total","w37","1 072"
"1588","2013","Total","w37","1 095"
"1589","2014","Total","w37","1 002"
"1590","2015","Total","w37","1 155"
"1591","2016","Total","w37","1 120"
"1592","2017","Total","w37","1 151"
"1593","2018","Total","w37","1 155"
"1594","2019","Total","w37","1 175"
"1595","2020","Total","w37","1 190"
"1596","2010","70 years old and over","w37","702"
"1597","2011","70 years old and over","w37","679"
"1598","2012","70 years old and over","w37","743"
"1599","2013","70 years old and over","w37","747"
"1600","2014","70 years old and over","w37","733"
"1601","2015","70 years old and over","w37","805"
"1602","2016","70 years old and over","w37","804"
"1603","2017","70 years old and over","w37","824"
"1604","2018","70 years old and over","w37","860"
"1605","2019","70 years old and over","w37","870"
"1606","2020","70 years old and over","w37","865"
"1607","2010","50-69 years old","w37","265"
"1608","2011","50-69 years old","w37","277"
"1609","2012","50-69 years old","w37","252"
"1610","2013","50-69 years old","w37","281"
"1611","2014","50-69 years old","w37","227"
"1612","2015","50-69 years old","w37","285"
"1613","2016","50-69 years old","w37","261"
"1614","2017","50-69 years old","w37","269"
"1615","2018","50-69 years old","w37","245"
"1616","2019","50-69 years old","w37","245"
"1617","2020","50-69 years old","w37","260"
"1618","2010","0-49 years old","w37","83"
"1619","2011","0-49 years old","w37","73"
"1620","2012","0-49 years old","w37","77"
"1621","2013","0-49 years old","w37","67"
"1622","2014","0-49 years old","w37","42"
"1623","2015","0-49 years old","w37","65"
"1624","2016","0-49 years old","w37","55"
"1625","2017","0-49 years old","w37","58"
"1626","2018","0-49 years old","w37","50"
"1627","2019","0-49 years old","w37","60"
"1628","2020","0-49 years old","w37","65"
"1629","2010","Total","w38","1 092"
"1630","2011","Total","w38","1 104"
"1631","2012","Total","w38","1 125"
"1632","2013","Total","w38","1 092"
"1633","2014","Total","w38","1 138"
"1634","2015","Total","w38","1 099"
"1635","2016","Total","w38","1 102"
"1636","2017","Total","w38","1 135"
"1637","2018","Total","w38","1 220"
"1638","2019","Total","w38","1 195"
"1639","2020","Total","w38","1 250"
"1640","2010","70 years old and over","w38","764"
"1641","2011","70 years old and over","w38","796"
"1642","2012","70 years old and over","w38","832"
"1643","2013","70 years old and over","w38","786"
"1644","2014","70 years old and over","w38","824"
"1645","2015","70 years old and over","w38","772"
"1646","2016","70 years old and over","w38","828"
"1647","2017","70 years old and over","w38","807"
"1648","2018","70 years old and over","w38","905"
"1649","2019","70 years old and over","w38","910"
"1650","2020","70 years old and over","w38","950"
"1651","2010","50-69 years old","w38","265"
"1652","2011","50-69 years old","w38","241"
"1653","2012","50-69 years old","w38","231"
"1654","2013","50-69 years old","w38","234"
"1655","2014","50-69 years old","w38","245"
"1656","2015","50-69 years old","w38","257"
"1657","2016","50-69 years old","w38","217"
"1658","2017","50-69 years old","w38","266"
"1659","2018","50-69 years old","w38","265"
"1660","2019","50-69 years old","w38","245"
"1661","2020","50-69 years old","w38","235"
"1662","2010","0-49 years old","w38","63"
"1663","2011","0-49 years old","w38","67"
"1664","2012","0-49 years old","w38","62"
"1665","2013","0-49 years old","w38","72"
"1666","2014","0-49 years old","w38","69"
"1667","2015","0-49 years old","w38","70"
"1668","2016","0-49 years old","w38","57"
"1669","2017","0-49 years old","w38","62"
"1670","2018","0-49 years old","w38","45"
"1671","2019","0-49 years old","w38","40"
"1672","2020","0-49 years old","w38","65"
"1673","2010","Total","w39","1 074"
"1674","2011","Total","w39","1 076"
"1675","2012","Total","w39","1 073"
"1676","2013","Total","w39","1 104"
"1677","2014","Total","w39","1 181"
"1678","2015","Total","w39","1 166"
"1679","2016","Total","w39","1 147"
"1680","2017","Total","w39","1 230"
"1681","2018","Total","w39","1 270"
"1682","2019","Total","w39","1 255"
"1683","2020","Total","w39","1 330"
"1684","2010","70 years old and over","w39","755"
"1685","2011","70 years old and over","w39","757"
"1686","2012","70 years old and over","w39","763"
"1687","2013","70 years old and over","w39","775"
"1688","2014","70 years old and over","w39","842"
"1689","2015","70 years old and over","w39","826"
"1690","2016","70 years old and over","w39","849"
"1691","2017","70 years old and over","w39","909"
"1692","2018","70 years old and over","w39","955"
"1693","2019","70 years old and over","w39","955"
"1694","2020","70 years old and over","w39","995"
"1695","2010","50-69 years old","w39","243"
"1696","2011","50-69 years old","w39","247"
"1697","2012","50-69 years old","w39","242"
"1698","2013","50-69 years old","w39","267"
"1699","2014","50-69 years old","w39","275"
"1700","2015","50-69 years old","w39","268"
"1701","2016","50-69 years old","w39","255"
"1702","2017","50-69 years old","w39","258"
"1703","2018","50-69 years old","w39","255"
"1704","2019","50-69 years old","w39","245"
"1705","2020","50-69 years old","w39","260"
"1706","2010","0-49 years old","w39","76"
"1707","2011","0-49 years old","w39","72"
"1708","2012","0-49 years old","w39","68"
"1709","2013","0-49 years old","w39","62"
"1710","2014","0-49 years old","w39","64"
"1711","2015","0-49 years old","w39","72"
"1712","2016","0-49 years old","w39","43"
"1713","2017","0-49 years old","w39","63"
"1714","2018","0-49 years old","w39","55"
"1715","2019","0-49 years old","w39","55"
"1716","2020","0-49 years old","w39","75"
"1717","2010","Total","w40","1 123"
"1718","2011","Total","w40","1 107"
"1719","2012","Total","w40","1 058"
"1720","2013","Total","w40","1 160"
"1721","2014","Total","w40","1 194"
"1722","2015","Total","w40","1 192"
"1723","2016","Total","w40","1 165"
"1724","2017","Total","w40","1 176"
"1725","2018","Total","w40","1 250"
"1726","2019","Total","w40","1 295"
"1727","2020","Total","w40","1 325"
"1728","2010","70 years old and over","w40","778"
"1729","2011","70 years old and over","w40","797"
"1730","2012","70 years old and over","w40","742"
"1731","2013","70 years old and over","w40","812"
"1732","2014","70 years old and over","w40","841"
"1733","2015","70 years old and over","w40","881"
"1734","2016","70 years old and over","w40","852"
"1735","2017","70 years old and over","w40","833"
"1736","2018","70 years old and over","w40","930"
"1737","2019","70 years old and over","w40","985"
"1738","2020","70 years old and over","w40","980"
"1739","2010","50-69 years old","w40","275"
"1740","2011","50-69 years old","w40","249"
"1741","2012","50-69 years old","w40","245"
"1742","2013","50-69 years old","w40","271"
"1743","2014","50-69 years old","w40","292"
"1744","2015","50-69 years old","w40","252"
"1745","2016","50-69 years old","w40","251"
"1746","2017","50-69 years old","w40","285"
"1747","2018","50-69 years old","w40","275"
"1748","2019","50-69 years old","w40","245"
"1749","2020","50-69 years old","w40","275"
"1750","2010","0-49 years old","w40","70"
"1751","2011","0-49 years old","w40","61"
"1752","2012","0-49 years old","w40","71"
"1753","2013","0-49 years old","w40","77"
"1754","2014","0-49 years old","w40","61"
"1755","2015","0-49 years old","w40","59"
"1756","2016","0-49 years old","w40","62"
"1757","2017","0-49 years old","w40","58"
"1758","2018","0-49 years old","w40","50"
"1759","2019","0-49 years old","w40","70"
"1760","2020","0-49 years old","w40","70"
"1761","2010","Total","w41","1 217"
"1762","2011","Total","w41","1 064"
"1763","2012","Total","w41","1 133"
"1764","2013","Total","w41","1 064"
"1765","2014","Total","w41","1 161"
"1766","2015","Total","w41","1 249"
"1767","2016","Total","w41","1 215"
"1768","2017","Total","w41","1 231"
"1769","2018","Total","w41","1 285"
"1770","2019","Total","w41","1 270"
"1771","2020","Total","w41","1 435"
"1772","2010","70 years old and over","w41","849"
"1773","2011","70 years old and over","w41","769"
"1774","2012","70 years old and over","w41","782"
"1775","2013","70 years old and over","w41","756"
"1776","2014","70 years old and over","w41","836"
"1777","2015","70 years old and over","w41","919"
"1778","2016","70 years old and over","w41","890"
"1779","2017","70 years old and over","w41","896"
"1780","2018","70 years old and over","w41","970"
"1781","2019","70 years old and over","w41","940"
"1782","2020","70 years old and over","w41","1 070"
"1783","2010","50-69 years old","w41","294"
"1784","2011","50-69 years old","w41","241"
"1785","2012","50-69 years old","w41","285"
"1786","2013","50-69 years old","w41","250"
"1787","2014","50-69 years old","w41","270"
"1788","2015","50-69 years old","w41","270"
"1789","2016","50-69 years old","w41","269"
"1790","2017","50-69 years old","w41","262"
"1791","2018","50-69 years old","w41","260"
"1792","2019","50-69 years old","w41","250"
"1793","2020","50-69 years old","w41","295"
"1794","2010","0-49 years old","w41","74"
"1795","2011","0-49 years old","w41","54"
"1796","2012","0-49 years old","w41","66"
"1797","2013","0-49 years old","w41","58"
"1798","2014","0-49 years old","w41","55"
"1799","2015","0-49 years old","w41","60"
"1800","2016","0-49 years old","w41","56"
"1801","2017","0-49 years old","w41","73"
"1802","2018","0-49 years old","w41","60"
"1803","2019","0-49 years old","w41","75"
"1804","2020","0-49 years old","w41","70"
"1805","2010","Total","w42","1 149"
"1806","2011","Total","w42","1 127"
"1807","2012","Total","w42","1 188"
"1808","2013","Total","w42","1 037"
"1809","2014","Total","w42","1 233"
"1810","2015","Total","w42","1 204"
"1811","2016","Total","w42","1 253"
"1812","2017","Total","w42","1 181"
"1813","2018","Total","w42","1 255"
"1814","2019","Total","w42","1 365"
"1815","2020","Total","w42","1 355"
"1816","2010","70 years old and over","w42","816"
"1817","2011","70 years old and over","w42","760"
"1818","2012","70 years old and over","w42","825"
"1819","2013","70 years old and over","w42","724"
"1820","2014","70 years old and over","w42","871"
"1821","2015","70 years old and over","w42","885"
"1822","2016","70 years old and over","w42","926"
"1823","2017","70 years old and over","w42","847"
"1824","2018","70 years old and over","w42","955"
"1825","2019","70 years old and over","w42","1 040"
"1826","2020","70 years old and over","w42","1 025"
"1827","2010","50-69 years old","w42","259"
"1828","2011","50-69 years old","w42","294"
"1829","2012","50-69 years old","w42","295"
"1830","2013","50-69 years old","w42","247"
"1831","2014","50-69 years old","w42","287"
"1832","2015","50-69 years old","w42","266"
"1833","2016","50-69 years old","w42","280"
"1834","2017","50-69 years old","w42","264"
"1835","2018","50-69 years old","w42","265"
"1836","2019","50-69 years old","w42","270"
"1837","2020","50-69 years old","w42","265"
"1838","2010","0-49 years old","w42","74"
"1839","2011","0-49 years old","w42","73"
"1840","2012","0-49 years old","w42","68"
"1841","2013","0-49 years old","w42","66"
"1842","2014","0-49 years old","w42","75"
"1843","2015","0-49 years old","w42","53"
"1844","2016","0-49 years old","w42","47"
"1845","2017","0-49 years old","w42","70"
"1846","2018","0-49 years old","w42","40"
"1847","2019","0-49 years old","w42","55"
"1848","2020","0-49 years old","w42","65"
"1849","2010","Total","w43","1 201"
"1850","2011","Total","w43","1 092"
"1851","2012","Total","w43","1 130"
"1852","2013","Total","w43","1 118"
"1853","2014","Total","w43","1 184"
"1854","2015","Total","w43","1 201"
"1855","2016","Total","w43","1 229"
"1856","2017","Total","w43","1 214"
"1857","2018","Total","w43","1 355"
"1858","2019","Total","w43","1 320"
"1859","2020","Total","w43","1 345"
"1860","2010","70 years old and over","w43","884"
"1861","2011","70 years old and over","w43","789"
"1862","2012","70 years old and over","w43","799"
"1863","2013","70 years old and over","w43","783"
"1864","2014","70 years old and over","w43","863"
"1865","2015","70 years old and over","w43","874"
"1866","2016","70 years old and over","w43","903"
"1867","2017","70 years old and over","w43","924"
"1868","2018","70 years old and over","w43","1 045"
"1869","2019","70 years old and over","w43","1 005"
"1870","2020","70 years old and over","w43","1 025"
"1871","2010","50-69 years old","w43","262"
"1872","2011","50-69 years old","w43","241"
"1873","2012","50-69 years old","w43","255"
"1874","2013","50-69 years old","w43","286"
"1875","2014","50-69 years old","w43","268"
"1876","2015","50-69 years old","w43","275"
"1877","2016","50-69 years old","w43","267"
"1878","2017","50-69 years old","w43","227"
"1879","2018","50-69 years old","w43","265"
"1880","2019","50-69 years old","w43","260"
"1881","2020","50-69 years old","w43","270"
"1882","2010","0-49 years old","w43","55"
"1883","2011","0-49 years old","w43","62"
"1884","2012","0-49 years old","w43","76"
"1885","2013","0-49 years old","w43","49"
"1886","2014","0-49 years old","w43","53"
"1887","2015","0-49 years old","w43","52"
"1888","2016","0-49 years old","w43","59"
"1889","2017","0-49 years old","w43","63"
"1890","2018","0-49 years old","w43","45"
"1891","2019","0-49 years old","w43","55"
"1892","2020","0-49 years old","w43","50"
"1893","2010","Total","w44","1 141"
"1894","2011","Total","w44","1 076"
"1895","2012","Total","w44","1 150"
"1896","2013","Total","w44","1 138"
"1897","2014","Total","w44","1 178"
"1898","2015","Total","w44","1 196"
"1899","2016","Total","w44","1 273"
"1900","2017","Total","w44","1 258"
"1901","2018","Total","w44","1 305"
"1902","2019","Total","w44","1 285"
"1903","2020","Total","w44",""
"1904","2010","70 years old and over","w44","784"
"1905","2011","70 years old and over","w44","738"
"1906","2012","70 years old and over","w44","818"
"1907","2013","70 years old and over","w44","817"
"1908","2014","70 years old and over","w44","862"
"1909","2015","70 years old and over","w44","882"
"1910","2016","70 years old and over","w44","936"
"1911","2017","70 years old and over","w44","939"
"1912","2018","70 years old and over","w44","1 010"
"1913","2019","70 years old and over","w44","1 000"
"1914","2020","70 years old and over","w44",""
"1915","2010","50-69 years old","w44","267"
"1916","2011","50-69 years old","w44","259"
"1917","2012","50-69 years old","w44","267"
"1918","2013","50-69 years old","w44","270"
"1919","2014","50-69 years old","w44","250"
"1920","2015","50-69 years old","w44","268"
"1921","2016","50-69 years old","w44","283"
"1922","2017","50-69 years old","w44","251"
"1923","2018","50-69 years old","w44","245"
"1924","2019","50-69 years old","w44","235"
"1925","2020","50-69 years old","w44",""
"1926","2010","0-49 years old","w44","90"
"1927","2011","0-49 years old","w44","79"
"1928","2012","0-49 years old","w44","65"
"1929","2013","0-49 years old","w44","51"
"1930","2014","0-49 years old","w44","66"
"1931","2015","0-49 years old","w44","46"
"1932","2016","0-49 years old","w44","54"
"1933","2017","0-49 years old","w44","68"
"1934","2018","0-49 years old","w44","55"
"1935","2019","0-49 years old","w44","50"
"1936","2020","0-49 years old","w44",""
"1937","2010","Total","w45","1 093"
"1938","2011","Total","w45","1 081"
"1939","2012","Total","w45","1 147"
"1940","2013","Total","w45","1 132"
"1941","2014","Total","w45","1 233"
"1942","2015","Total","w45","1 226"
"1943","2016","Total","w45","1 193"
"1944","2017","Total","w45","1 274"
"1945","2018","Total","w45","1 310"
"1946","2019","Total","w45","1 315"
"1947","2020","Total","w45",""
"1948","2010","70 years old and over","w45","780"
"1949","2011","70 years old and over","w45","769"
"1950","2012","70 years old and over","w45","832"
"1951","2013","70 years old and over","w45","779"
"1952","2014","70 years old and over","w45","882"
"1953","2015","70 years old and over","w45","894"
"1954","2016","70 years old and over","w45","878"
"1955","2017","70 years old and over","w45","945"
"1956","2018","70 years old and over","w45","1 030"
"1957","2019","70 years old and over","w45","970"
"1958","2020","70 years old and over","w45",""
"1959","2010","50-69 years old","w45","249"
"1960","2011","50-69 years old","w45","235"
"1961","2012","50-69 years old","w45","252"
"1962","2013","50-69 years old","w45","291"
"1963","2014","50-69 years old","w45","288"
"1964","2015","50-69 years old","w45","269"
"1965","2016","50-69 years old","w45","260"
"1966","2017","50-69 years old","w45","271"
"1967","2018","50-69 years old","w45","245"
"1968","2019","50-69 years old","w45","270"
"1969","2020","50-69 years old","w45",""
"1970","2010","0-49 years old","w45","64"
"1971","2011","0-49 years old","w45","77"
"1972","2012","0-49 years old","w45","63"
"1973","2013","0-49 years old","w45","62"
"1974","2014","0-49 years old","w45","63"
"1975","2015","0-49 years old","w45","63"
"1976","2016","0-49 years old","w45","55"
"1977","2017","0-49 years old","w45","58"
"1978","2018","0-49 years old","w45","35"
"1979","2019","0-49 years old","w45","75"
"1980","2020","0-49 years old","w45",""
"1981","2010","Total","w46","1 113"
"1982","2011","Total","w46","1 092"
"1983","2012","Total","w46","1 122"
"1984","2013","Total","w46","1 147"
"1985","2014","Total","w46","1 175"
"1986","2015","Total","w46","1 223"
"1987","2016","Total","w46","1 234"
"1988","2017","Total","w46","1 298"
"1989","2018","Total","w46","1 305"
"1990","2019","Total","w46","1 345"
"1991","2020","Total","w46",""
"1992","2010","70 years old and over","w46","788"
"1993","2011","70 years old and over","w46","773"
"1994","2012","70 years old and over","w46","791"
"1995","2013","70 years old and over","w46","801"
"1996","2014","70 years old and over","w46","890"
"1997","2015","70 years old and over","w46","884"
"1998","2016","70 years old and over","w46","932"
"1999","2017","70 years old and over","w46","970"
"2000","2018","70 years old and over","w46","995"
"2001","2019","70 years old and over","w46","1 015"
"2002","2020","70 years old and over","w46",""
"2003","2010","50-69 years old","w46","259"
"2004","2011","50-69 years old","w46","258"
"2005","2012","50-69 years old","w46","250"
"2006","2013","50-69 years old","w46","270"
"2007","2014","50-69 years old","w46","223"
"2008","2015","50-69 years old","w46","280"
"2009","2016","50-69 years old","w46","251"
"2010","2017","50-69 years old","w46","275"
"2011","2018","50-69 years old","w46","265"
"2012","2019","50-69 years old","w46","265"
"2013","2020","50-69 years old","w46",""
"2014","2010","0-49 years old","w46","66"
"2015","2011","0-49 years old","w46","61"
"2016","2012","0-49 years old","w46","81"
"2017","2013","0-49 years old","w46","76"
"2018","2014","0-49 years old","w46","62"
"2019","2015","0-49 years old","w46","59"
"2020","2016","0-49 years old","w46","51"
"2021","2017","0-49 years old","w46","53"
"2022","2018","0-49 years old","w46","50"
"2023","2019","0-49 years old","w46","65"
"2024","2020","0-49 years old","w46",""
"2025","2010","Total","w47","1 107"
"2026","2011","Total","w47","1 115"
"2027","2012","Total","w47","1 117"
"2028","2013","Total","w47","1 156"
"2029","2014","Total","w47","1 241"
"2030","2015","Total","w47","1 186"
"2031","2016","Total","w47","1 199"
"2032","2017","Total","w47","1 276"
"2033","2018","Total","w47","1 280"
"2034","2019","Total","w47","1 340"
"2035","2020","Total","w47",""
"2036","2010","70 years old and over","w47","803"
"2037","2011","70 years old and over","w47","777"
"2038","2012","70 years old and over","w47","791"
"2039","2013","70 years old and over","w47","826"
"2040","2014","70 years old and over","w47","902"
"2041","2015","70 years old and over","w47","845"
"2042","2016","70 years old and over","w47","875"
"2043","2017","70 years old and over","w47","942"
"2044","2018","70 years old and over","w47","960"
"2045","2019","70 years old and over","w47","995"
"2046","2020","70 years old and over","w47",""
"2047","2010","50-69 years old","w47","235"
"2048","2011","50-69 years old","w47","262"
"2049","2012","50-69 years old","w47","268"
"2050","2013","50-69 years old","w47","260"
"2051","2014","50-69 years old","w47","282"
"2052","2015","50-69 years old","w47","275"
"2053","2016","50-69 years old","w47","277"
"2054","2017","50-69 years old","w47","281"
"2055","2018","50-69 years old","w47","265"
"2056","2019","50-69 years old","w47","275"
"2057","2020","50-69 years old","w47",""
"2058","2010","0-49 years old","w47","69"
"2059","2011","0-49 years old","w47","76"
"2060","2012","0-49 years old","w47","58"
"2061","2013","0-49 years old","w47","70"
"2062","2014","0-49 years old","w47","57"
"2063","2015","0-49 years old","w47","66"
"2064","2016","0-49 years old","w47","47"
"2065","2017","0-49 years old","w47","53"
"2066","2018","0-49 years old","w47","55"
"2067","2019","0-49 years old","w47","70"
"2068","2020","0-49 years old","w47",""
"2069","2010","Total","w48","1 206"
"2070","2011","Total","w48","1 180"
"2071","2012","Total","w48","1 152"
"2072","2013","Total","w48","1 158"
"2073","2014","Total","w48","1 276"
"2074","2015","Total","w48","1 225"
"2075","2016","Total","w48","1 229"
"2076","2017","Total","w48","1 328"
"2077","2018","Total","w48","1 220"
"2078","2019","Total","w48","1 300"
"2079","2020","Total","w48",""
"2080","2010","70 years old and over","w48","866"
"2081","2011","70 years old and over","w48","859"
"2082","2012","70 years old and over","w48","832"
"2083","2013","70 years old and over","w48","832"
"2084","2014","70 years old and over","w48","945"
"2085","2015","70 years old and over","w48","907"
"2086","2016","70 years old and over","w48","916"
"2087","2017","70 years old and over","w48","995"
"2088","2018","70 years old and over","w48","940"
"2089","2019","70 years old and over","w48","965"
"2090","2020","70 years old and over","w48",""
"2091","2010","50-69 years old","w48","266"
"2092","2011","50-69 years old","w48","265"
"2093","2012","50-69 years old","w48","258"
"2094","2013","50-69 years old","w48","255"
"2095","2014","50-69 years old","w48","269"
"2096","2015","50-69 years old","w48","266"
"2097","2016","50-69 years old","w48","262"
"2098","2017","50-69 years old","w48","276"
"2099","2018","50-69 years old","w48","230"
"2100","2019","50-69 years old","w48","280"
"2101","2020","50-69 years old","w48",""
"2102","2010","0-49 years old","w48","74"
"2103","2011","0-49 years old","w48","56"
"2104","2012","0-49 years old","w48","62"
"2105","2013","0-49 years old","w48","71"
"2106","2014","0-49 years old","w48","62"
"2107","2015","0-49 years old","w48","52"
"2108","2016","0-49 years old","w48","51"
"2109","2017","0-49 years old","w48","57"
"2110","2018","0-49 years old","w48","50"
"2111","2019","0-49 years old","w48","60"
"2112","2020","0-49 years old","w48",""
"2113","2010","Total","w49","1 133"
"2114","2011","Total","w49","1 188"
"2115","2012","Total","w49","1 228"
"2116","2013","Total","w49","1 171"
"2117","2014","Total","w49","1 307"
"2118","2015","Total","w49","1 319"
"2119","2016","Total","w49","1 153"
"2120","2017","Total","w49","1 283"
"2121","2018","Total","w49","1 340"
"2122","2019","Total","w49","1 400"
"2123","2020","Total","w49",""
"2124","2010","70 years old and over","w49","815"
"2125","2011","70 years old and over","w49","872"
"2126","2012","70 years old and over","w49","869"
"2127","2013","70 years old and over","w49","844"
"2128","2014","70 years old and over","w49","952"
"2129","2015","70 years old and over","w49","943"
"2130","2016","70 years old and over","w49","854"
"2131","2017","70 years old and over","w49","946"
"2132","2018","70 years old and over","w49","990"
"2133","2019","70 years old and over","w49","1 070"
"2134","2020","70 years old and over","w49",""
"2135","2010","50-69 years old","w49","258"
"2136","2011","50-69 years old","w49","252"
"2137","2012","50-69 years old","w49","287"
"2138","2013","50-69 years old","w49","265"
"2139","2014","50-69 years old","w49","296"
"2140","2015","50-69 years old","w49","319"
"2141","2016","50-69 years old","w49","246"
"2142","2017","50-69 years old","w49","284"
"2143","2018","50-69 years old","w49","295"
"2144","2019","50-69 years old","w49","280"
"2145","2020","50-69 years old","w49",""
"2146","2010","0-49 years old","w49","60"
"2147","2011","0-49 years old","w49","64"
"2148","2012","0-49 years old","w49","72"
"2149","2013","0-49 years old","w49","62"
"2150","2014","0-49 years old","w49","59"
"2151","2015","0-49 years old","w49","57"
"2152","2016","0-49 years old","w49","53"
"2153","2017","0-49 years old","w49","53"
"2154","2018","0-49 years old","w49","60"
"2155","2019","0-49 years old","w49","55"
"2156","2020","0-49 years old","w49",""
"2157","2010","Total","w50","1 174"
"2158","2011","Total","w50","1 172"
"2159","2012","Total","w50","1 221"
"2160","2013","Total","w50","1 182"
"2161","2014","Total","w50","1 324"
"2162","2015","Total","w50","1 247"
"2163","2016","Total","w50","1 280"
"2164","2017","Total","w50","1 337"
"2165","2018","Total","w50","1 290"
"2166","2019","Total","w50","1 320"
"2167","2020","Total","w50",""
"2168","2010","70 years old and over","w50","838"
"2169","2011","70 years old and over","w50","802"
"2170","2012","70 years old and over","w50","872"
"2171","2013","70 years old and over","w50","846"
"2172","2014","70 years old and over","w50","1 002"
"2173","2015","70 years old and over","w50","923"
"2174","2016","70 years old and over","w50","989"
"2175","2017","70 years old and over","w50","1 010"
"2176","2018","70 years old and over","w50","970"
"2177","2019","70 years old and over","w50","1 015"
"2178","2020","70 years old and over","w50",""
"2179","2010","50-69 years old","w50","273"
"2180","2011","50-69 years old","w50","300"
"2181","2012","50-69 years old","w50","280"
"2182","2013","50-69 years old","w50","264"
"2183","2014","50-69 years old","w50","268"
"2184","2015","50-69 years old","w50","260"
"2185","2016","50-69 years old","w50","242"
"2186","2017","50-69 years old","w50","286"
"2187","2018","50-69 years old","w50","265"
"2188","2019","50-69 years old","w50","260"
"2189","2020","50-69 years old","w50",""
"2190","2010","0-49 years old","w50","63"
"2191","2011","0-49 years old","w50","70"
"2192","2012","0-49 years old","w50","69"
"2193","2013","0-49 years old","w50","72"
"2194","2014","0-49 years old","w50","54"
"2195","2015","0-49 years old","w50","64"
"2196","2016","0-49 years old","w50","49"
"2197","2017","0-49 years old","w50","41"
"2198","2018","0-49 years old","w50","55"
"2199","2019","0-49 years old","w50","50"
"2200","2020","0-49 years old","w50",""
"2201","2010","Total","w51","1 218"
"2202","2011","Total","w51","1 194"
"2203","2012","Total","w51","1 422"
"2204","2013","Total","w51","1 222"
"2205","2014","Total","w51","1 449"
"2206","2015","Total","w51","1 170"
"2207","2016","Total","w51","1 300"
"2208","2017","Total","w51","1 475"
"2209","2018","Total","w51","1 340"
"2210","2019","Total","w51","1 365"
"2211","2020","Total","w51",""
"2212","2010","70 years old and over","w51","901"
"2213","2011","70 years old and over","w51","848"
"2214","2012","70 years old and over","w51","1 054"
"2215","2013","70 years old and over","w51","896"
"2216","2014","70 years old and over","w51","1 086"
"2217","2015","70 years old and over","w51","843"
"2218","2016","70 years old and over","w51","1 000"
"2219","2017","70 years old and over","w51","1 103"
"2220","2018","70 years old and over","w51","1 025"
"2221","2019","70 years old and over","w51","1 035"
"2222","2020","70 years old and over","w51",""
"2223","2010","50-69 years old","w51","244"
"2224","2011","50-69 years old","w51","276"
"2225","2012","50-69 years old","w51","295"
"2226","2013","50-69 years old","w51","272"
"2227","2014","50-69 years old","w51","288"
"2228","2015","50-69 years old","w51","273"
"2229","2016","50-69 years old","w51","251"
"2230","2017","50-69 years old","w51","307"
"2231","2018","50-69 years old","w51","260"
"2232","2019","50-69 years old","w51","255"
"2233","2020","50-69 years old","w51",""
"2234","2010","0-49 years old","w51","73"
"2235","2011","0-49 years old","w51","70"
"2236","2012","0-49 years old","w51","73"
"2237","2013","0-49 years old","w51","54"
"2238","2014","0-49 years old","w51","75"
"2239","2015","0-49 years old","w51","54"
"2240","2016","0-49 years old","w51","49"
"2241","2017","0-49 years old","w51","65"
"2242","2018","0-49 years old","w51","55"
"2243","2019","0-49 years old","w51","70"
"2244","2020","0-49 years old","w51",""
"2245","2010","Total","w52","1 285"
"2246","2011","Total","w52","1 231"
"2247","2012","Total","w52","1 517"
"2248","2013","Total","w52","1 302"
"2249","2014","Total","w52","1 556"
"2250","2015","Total","w52","1 267"
"2251","2016","Total","w52","1 419"
"2252","2017","Total","w52","1 480"
"2253","2018","Total","w52","1 375"
"2254","2019","Total","w52","1 430"
"2255","2020","Total","w52",""
"2256","2010","70 years old and over","w52","965"
"2257","2011","70 years old and over","w52","901"
"2258","2012","70 years old and over","w52","1 111"
"2259","2013","70 years old and over","w52","910"
"2260","2014","70 years old and over","w52","1 187"
"2261","2015","70 years old and over","w52","920"
"2262","2016","70 years old and over","w52","1 075"
"2263","2017","70 years old and over","w52","1 126"
"2264","2018","70 years old and over","w52","1 020"
"2265","2019","70 years old and over","w52","1 115"
"2266","2020","70 years old and over","w52",""
"2267","2010","50-69 years old","w52","252"
"2268","2011","50-69 years old","w52","250"
"2269","2012","50-69 years old","w52","329"
"2270","2013","50-69 years old","w52","331"
"2271","2014","50-69 years old","w52","293"
"2272","2015","50-69 years old","w52","290"
"2273","2016","50-69 years old","w52","284"
"2274","2017","50-69 years old","w52","287"
"2275","2018","50-69 years old","w52","295"
"2276","2019","50-69 years old","w52","245"
"2277","2020","50-69 years old","w52",""
"2278","2010","0-49 years old","w52","68"
"2279","2011","0-49 years old","w52","80"
"2280","2012","0-49 years old","w52","77"
"2281","2013","0-49 years old","w52","61"
"2282","2014","0-49 years old","w52","76"
"2283","2015","0-49 years old","w52","57"
"2284","2016","0-49 years old","w52","60"
"2285","2017","0-49 years old","w52","67"
"2286","2018","0-49 years old","w52","60"
"2287","2019","0-49 years old","w52","65"
"2288","2020","0-49 years old","w52",""
"2289","2010","Total","w53",""
"2290","2011","Total","w53",""
"2291","2012","Total","w53",""
"2292","2013","Total","w53",""
"2293","2014","Total","w53","1 746"
"2294","2015","Total","w53",""
"2295","2016","Total","w53",""
"2296","2017","Total","w53",""
"2297","2018","Total","w53",""
"2298","2019","Total","w53",""
"2299","2020","Total","w53",""
"2300","2010","70 years old and over","w53",""
"2301","2011","70 years old and over","w53",""
"2302","2012","70 years old and over","w53",""
"2303","2013","70 years old and over","w53",""
"2304","2014","70 years old and over","w53","1 350"
"2305","2015","70 years old and over","w53",""
"2306","2016","70 years old and over","w53",""
"2307","2017","70 years old and over","w53",""
"2308","2018","70 years old and over","w53",""
"2309","2019","70 years old and over","w53",""
"2310","2020","70 years old and over","w53",""
"2311","2010","50-69 years old","w53",""
"2312","2011","50-69 years old","w53",""
"2313","2012","50-69 years old","w53",""
"2314","2013","50-69 years old","w53",""
"2315","2014","50-69 years old","w53","322"
"2316","2015","50-69 years old","w53",""
"2317","2016","50-69 years old","w53",""
"2318","2017","50-69 years old","w53",""
"2319","2018","50-69 years old","w53",""
"2320","2019","50-69 years old","w53",""
"2321","2020","50-69 years old","w53",""
"2322","2010","0-49 years old","w53",""
"2323","2011","0-49 years old","w53",""
"2324","2012","0-49 years old","w53",""
"2325","2013","0-49 years old","w53",""
"2326","2014","0-49 years old","w53","74"
"2327","2015","0-49 years old","w53",""
"2328","2016","0-49 years old","w53",""
"2329","2017","0-49 years old","w53",""
"2330","2018","0-49 years old","w53",""
"2331","2019","0-49 years old","w53",""
"2332","2020","0-49 years old","w53",""
